taxonID	datasetID	parentNameUsageID	acceptedNameUsageID	originalNameUsageID	scientificName	scientificNameAuthorship	canonicalName	genericName	specificEpithet	infraspecificEpithet	taxonRank	nameAccordingTo	namePublishedIn	taxonomicStatus	nomenclaturalStatus	taxonRemarks	kingdom	phylum	class	order	family	genus
3776719	7ddf754f-d193-4cc9-b351-99906754a03b	3173228.0			Aphelandra taborensis Leonard	Leonard	Aphelandra taborensis	Aphelandra	taborensis		species		Leonard. (1953). In: Contr. U. S. Natl. Herb. 31: 181.	accepted			Plantae	Tracheophyta	Magnoliopsida	Lamiales	Acanthaceae	Aphelandra
7264269	7ddf754f-d193-4cc9-b351-99906754a03b	3173228.0			Aphelandra dielsii Mildbr.	Mildbr.	Aphelandra dielsii	Aphelandra	dielsii		species		Mildbr. (1937). In: Biblioth. Bot. 29: Heft 116, 147.	accepted			Plantae	Tracheophyta	Magnoliopsida	Lamiales	Acanthaceae	Aphelandra
3776581	7ddf754f-d193-4cc9-b351-99906754a03b	3173228.0			Aphelandra tomentosa Lindau	Lindau	Aphelandra tomentosa	Aphelandra	tomentosa		species		Lindau. (1895). In: Engl. Et Prantl, Natürl. Pflanzenfam. Iv. 3 b.369.	accepted			Plantae	Tracheophyta	Magnoliopsida	Lamiales	Acanthaceae	Aphelandra
3777395	7ddf754f-d193-4cc9-b351-99906754a03b	3173228.0			Aphelandra puberula Leonard	Leonard	Aphelandra puberula	Aphelandra	puberula		species		Leonard. (1953). In: Contr. U. S. Natl. Herb. 31: 166.	accepted			Plantae	Tracheophyta	Magnoliopsida	Lamiales	Acanthaceae	Aphelandra
3776676	7ddf754f-d193-4cc9-b351-99906754a03b	3173228.0			Aphelandra terryae Standl.	Standl.	Aphelandra terryae	Aphelandra	terryae		species		Standl. (1940). In: Publ. Field Mus. Nat. Hist., Chicago, Bot. Ser. 22: 381.	accepted			Plantae	Tracheophyta	Magnoliopsida	Lamiales	Acanthaceae	Aphelandra
8299802	d9a4eedb-e985-4456-ad46-3df8472e00e8	3173125.0			Barleria pre Herbarium Practice & Following Obermeyer.	Herbarium Practice & Following Obermeyer.	Barleria pre	Barleria	pre		species			accepted			Plantae	Tracheophyta	Magnoliopsida	Lamiales	Acanthaceae	Barleria
7263497	7ddf754f-d193-4cc9-b351-99906754a03b	3173125.0			Barleria linearifolia Rendle	Rendle	Barleria linearifolia	Barleria	linearifolia		species		Rendle. (1896). In: J. Bot. 397.	accepted			Plantae	Tracheophyta	Magnoliopsida	Lamiales	Acanthaceae	Barleria
8017304	7ddf754f-d193-4cc9-b351-99906754a03b	3173125.0			Barleria hochstetteri Nees	Nees	Barleria hochstetteri	Barleria	hochstetteri		species		Nees. (1847). In: Prodr. [A. DC.] 11: 231.	accepted			Plantae	Tracheophyta	Magnoliopsida	Lamiales	Acanthaceae	Barleria
7993758	7ddf754f-d193-4cc9-b351-99906754a03b	3173125.0			Barleria subregularis I.Darbysh.	I.Darbysh.	Barleria subregularis	Barleria	subregularis		species		I. Darbysh. (2010). In: Fl. Trop. E. Africa, Acanth. (Part 2) 423 (-424).	accepted			Plantae	Tracheophyta	Magnoliopsida	Lamiales	Acanthaceae	Barleria
3772827	7ddf754f-d193-4cc9-b351-99906754a03b	3173125.0			Barleria glandulifera Lindau	Lindau	Barleria glandulifera	Barleria	glandulifera		species		Lindau. (1894). In: Bot. Jahrb. Syst. 20: 22.	accepted			Plantae	Tracheophyta	Magnoliopsida	Lamiales	Acanthaceae	Barleria
5575457	7ddf754f-d193-4cc9-b351-99906754a03b	5415359.0			Dicliptera magaliesbergensis K.Balkwill	K.Balkwill	Dicliptera magaliesbergensis	Dicliptera	magaliesbergensis		species		Balkwill, K. (1996). In: Kew Bull. 51(1): 39.	accepted			Plantae	Tracheophyta	Magnoliopsida	Lamiales	Acanthaceae	Dicliptera
5575589	7ddf754f-d193-4cc9-b351-99906754a03b	5415359.0			Dicliptera katangensis De Wild.	De Wild.	Dicliptera katangensis	Dicliptera	katangensis		species		De Wild. (1903). In: Ann. Mus. Congo, Ser. IV. 151.	accepted			Plantae	Tracheophyta	Magnoliopsida	Lamiales	Acanthaceae	Dicliptera
5576181	7ddf754f-d193-4cc9-b351-99906754a03b	5415359.0			Dicliptera arnhemica R.M.Barker	R.M.Barker	Dicliptera arnhemica	Dicliptera	arnhemica		species		Barker, R. M. (1986). In: J. Adelaide Bot. Gard. 9: 188.	accepted			Plantae	Tracheophyta	Magnoliopsida	Lamiales	Acanthaceae	Dicliptera
5575168	7ddf754f-d193-4cc9-b351-99906754a03b	5415359.0			Dicliptera rauhii Wassh.	Wassh.	Dicliptera rauhii	Dicliptera	rauhii		species		Wassh. (1988). In: Beitr. Biol. Pfl. 63(3): 425.	accepted			Plantae	Tracheophyta	Magnoliopsida	Lamiales	Acanthaceae	Dicliptera
5575602	7ddf754f-d193-4cc9-b351-99906754a03b	5415359.0			Dicliptera jujuyensis Lindau ex R.E.Fr.	Lindau ex R.E.Fr.	Dicliptera jujuyensis	Dicliptera	jujuyensis		species		Lindau ex R. E. Fr. (1903). In: Arkiv Bot. Stockh. 1: 398.	accepted			Plantae	Tracheophyta	Magnoliopsida	Lamiales	Acanthaceae	Dicliptera
3769279	7ddf754f-d193-4cc9-b351-99906754a03b	2904597.0			Justicia sanchezioides Leonard	Leonard	Justicia sanchezioides	Justicia	sanchezioides		species		Leonard. (1958). In: Contr. U. S. Natl. Herb. 31: 572.	accepted			Plantae	Tracheophyta	Magnoliopsida	Lamiales	Acanthaceae	Justicia
3776393	aacd816d-662c-49d2-ad1a-97e66e2a2908	2904597.0			Sericographis selloviana Nees	Nees	Sericographis selloviana	Sericographis	selloviana		species		Fl. bras. 9: 111 1847	accepted			Plantae	Tracheophyta	Magnoliopsida	Lamiales	Acanthaceae	Justicia
3779791	7ddf754f-d193-4cc9-b351-99906754a03b	2904597.0			Justicia trifoliata Roem. & Schult.	Roem. & Schult.	Justicia trifoliata	Justicia	trifoliata		species		Roem. & Schult. (1817). In: Syst. 1: 166.	accepted			Plantae	Tracheophyta	Magnoliopsida	Lamiales	Acanthaceae	Justicia
7862827	7ddf754f-d193-4cc9-b351-99906754a03b	2904597.0			Justicia linifolia (Lindau) J.C.Manning & Goldblatt	(Lindau) J.C.Manning & Goldblatt	Justicia linifolia	Justicia	linifolia		species		Manning, J. C., & Goldblatt. (2012). In: Strelitzia 29: 790.	accepted			Plantae	Tracheophyta	Magnoliopsida	Lamiales	Acanthaceae	Justicia
8096324	7ddf754f-d193-4cc9-b351-99906754a03b	2904597.0			Justicia chalmersii Lindau	Lindau	Justicia chalmersii	Justicia	chalmersii		species		Lindau. (1894). In: Bot. Jahrb. Syst. 19: Beibl. N. 48 6.	accepted			Plantae	Tracheophyta	Magnoliopsida	Lamiales	Acanthaceae	Justicia
3776140	7ddf754f-d193-4cc9-b351-99906754a03b	6360058.0			Lepidagathis nemorosa S.Moore	S.Moore	Lepidagathis nemorosa	Lepidagathis	nemorosa		species		Moore, S. (1910). In: J. Bot. 48: 253.	accepted			Plantae	Tracheophyta	Magnoliopsida	Lamiales	Acanthaceae	Lepidagathis
3776239	7ddf754f-d193-4cc9-b351-99906754a03b	6360058.0			Lepidagathis meridionalis Kameyama	Kameyama	Lepidagathis meridionalis	Lepidagathis	meridionalis		species		Kameyama. (2009). In: Kew Bull. 63(4): 571.	accepted			Plantae	Tracheophyta	Magnoliopsida	Lamiales	Acanthaceae	Lepidagathis
3777238	7ddf754f-d193-4cc9-b351-99906754a03b	6360058.0			Lepidagathis angustifolia C.B.Clarke	C.B.Clarke	Lepidagathis angustifolia	Lepidagathis	angustifolia		species		Clarke, C. B. (1900). In: Oliv. Et Al. (eds.), Fl. Trop. Africa 5: 123.	accepted			Plantae	Tracheophyta	Magnoliopsida	Lamiales	Acanthaceae	Lepidagathis
3777047	7ddf754f-d193-4cc9-b351-99906754a03b	6360058.0			Lepidagathis ceylanica Nees	Nees	Lepidagathis ceylanica	Lepidagathis	ceylanica		species		Nees. (1841). In: Nov. Act. Nat. Cur. 19: Suppl. 2: 51.	accepted			Plantae	Tracheophyta	Magnoliopsida	Lamiales	Acanthaceae	Lepidagathis
3775494	7ddf754f-d193-4cc9-b351-99906754a03b	6360058.0			Lepidagathis tisserantii Benoist	Benoist	Lepidagathis tisserantii	Lepidagathis	tisserantii		species		Benoist. (1948). In: Notul. Syst., Ed. Humbert 13: 199.	accepted			Plantae	Tracheophyta	Magnoliopsida	Lamiales	Acanthaceae	Lepidagathis
5574462	7ddf754f-d193-4cc9-b351-99906754a03b	3171840.0			Ruellia gorgonensis Leonard	Leonard	Ruellia gorgonensis	Ruellia	gorgonensis		species		Leonard. (1958). In: Contr. U. S. Natl. Herb. 31: 694.	accepted			Plantae	Tracheophyta	Magnoliopsida	Lamiales	Acanthaceae	Ruellia
5574694	7ddf754f-d193-4cc9-b351-99906754a03b	3171840.0			Ruellia edwardsae Tharp & F.A.Barkley	Tharp & F.A.Barkley	Ruellia edwardsae	Ruellia	edwardsae		species		Tharp, & Barkley, F. A. (1949). In: Amer. Midl. Naturalist 42: 12.	accepted			Plantae	Tracheophyta	Magnoliopsida	Lamiales	Acanthaceae	Ruellia
5573002	7ddf754f-d193-4cc9-b351-99906754a03b	3171840.0			Ruellia silvaecola (Mart. ex Nees) Lindau	(Mart. ex Nees) Lindau	Ruellia silvaecola	Ruellia	silvaecola		species		Lindau. (1895). In: Engl. & Prantl, Natürl. Pflanzenfam. 4: 3b 311.	accepted			Plantae	Tracheophyta	Magnoliopsida	Lamiales	Acanthaceae	Ruellia
10838690	aacd816d-662c-49d2-ad1a-97e66e2a2908	3171840.0			Dipteracanthus rubiaeformis Nees	Nees	Dipteracanthus rubiaeformis	Dipteracanthus	rubiaeformis		species			accepted			Plantae	Tracheophyta	Magnoliopsida	Lamiales	Acanthaceae	Ruellia
5572984	7ddf754f-d193-4cc9-b351-99906754a03b	3171840.0			Ruellia singularis Benoist	Benoist	Ruellia singularis	Ruellia	singularis		species		Benoist. (1945). In: Notul. Syst., Ed. Humbert 12: 4.	accepted			Plantae	Tracheophyta	Magnoliopsida	Lamiales	Acanthaceae	Ruellia
11582640	7ddf754f-d193-4cc9-b351-99906754a03b	7263564.0			Staurogyne elmeri Co ex Pelser	Co ex Pelser	Staurogyne elmeri	Staurogyne	elmeri		species		Co ex Pelser. (2021). In: Blumea 66(1): 97, Nom. Nov.	accepted			Plantae	Tracheophyta	Magnoliopsida	Lamiales	Acanthaceae	Staurogyne
3772948	7ddf754f-d193-4cc9-b351-99906754a03b	7263564.0			Staurogyne yunnanensis H.S.Lo	H.S.Lo	Staurogyne yunnanensis	Staurogyne	yunnanensis		species		Lo, H. S. (1988). In: Bull. Bot. Res. North-East. Forest. Inst. 8(1): 3.	accepted			Plantae	Tracheophyta	Magnoliopsida	Lamiales	Acanthaceae	Staurogyne
3774194	7ddf754f-d193-4cc9-b351-99906754a03b	7263564.0			Staurogyne hypoleuca Benoist	Benoist	Staurogyne hypoleuca	Staurogyne	hypoleuca		species		Benoist. (1913). In: Lecomte, Not. Syst. 2: 338.	accepted			Plantae	Tracheophyta	Magnoliopsida	Lamiales	Acanthaceae	Staurogyne
3774946	7ddf754f-d193-4cc9-b351-99906754a03b	7263564.0			Staurogyne alba Braz & R.Monteiro	Braz & R.Monteiro	Staurogyne alba	Staurogyne	alba		species		Braz, & Monteiro, R. (2006). In: Revista Brasil. Bot. 29(4): 579.	accepted			Plantae	Tracheophyta	Magnoliopsida	Lamiales	Acanthaceae	Staurogyne
3774698	7ddf754f-d193-4cc9-b351-99906754a03b	7263564.0			Staurogyne burbidgei C.B.Clarke ex Bremek.	C.B.Clarke ex Bremek.	Staurogyne burbidgei	Staurogyne	burbidgei		species		C. B. Clarke ex Bremek. (1955). In: Reinwardtia 3: 228.	accepted			Plantae	Tracheophyta	Magnoliopsida	Lamiales	Acanthaceae	Staurogyne
10844179	7ddf754f-d193-4cc9-b351-99906754a03b	6359394.0			Strobilanthes bislei Sinj.Thomas, B.Mani, Britto & Pradeep	Sinj.Thomas, B.Mani, Britto & Pradeep	Strobilanthes bislei	Strobilanthes	bislei		species		Sinj. Thomas, B. Mani, Britto & Pradeep. (2019). In: Pl. Sci. Today 6(1): 52.	accepted			Plantae	Tracheophyta	Magnoliopsida	Lamiales	Acanthaceae	Strobilanthes
12222156	7ddf754f-d193-4cc9-b351-99906754a03b	6359394.0			Strobilanthes sripadensis Nilanthi, Gopallawa & Jayawardana	Nilanthi, Gopallawa & Jayawardana	Strobilanthes sripadensis	Strobilanthes	sripadensis		species		Nilanthi, Gopallawa, & Jayawardana. (2023). In: Phytotaxa 592(2): 128.	accepted			Plantae	Tracheophyta	Magnoliopsida	Lamiales	Acanthaceae	Strobilanthes
3778565	7ddf754f-d193-4cc9-b351-99906754a03b	6359394.0			Strobilanthes rivularis J.R.I.Wood & J.R.Benn.	J.R.I.Wood & J.R.Benn.	Strobilanthes rivularis	Strobilanthes	rivularis		species		J. R. I. Wood & J. R. Benn. (2003). In: Kew Bull. 58(1): 166.	accepted			Plantae	Tracheophyta	Magnoliopsida	Lamiales	Acanthaceae	Strobilanthes
3781472	7ddf754f-d193-4cc9-b351-99906754a03b	6359394.0			Strobilanthes crassifolia Miq.	Miq.	Strobilanthes crassifolia	Strobilanthes	crassifolia		species		Miq. (1856). In: Fl. Ned. Ind. 2: 800.	accepted			Plantae	Tracheophyta	Magnoliopsida	Lamiales	Acanthaceae	Strobilanthes
3780710	7ddf754f-d193-4cc9-b351-99906754a03b	6359394.0			Strobilanthes glutinosa Nees	Nees	Strobilanthes glutinosa	Strobilanthes	glutinosa		species		Nees. (1832). In: Wall. Pl. As. Rar. 3: 86.	accepted			Plantae	Tracheophyta	Magnoliopsida	Lamiales	Acanthaceae	Strobilanthes
8253351	7ddf754f-d193-4cc9-b351-99906754a03b	10767005.0			Adenocalymma heterophyllum Kraenzl.	Kraenzl.	Adenocalymma heterophyllum	Adenocalymma	heterophyllum		species		Kraenzl. (1915). In: Notizbl. Königl. Bot. Gart. Berlin 6: 372.	accepted			Plantae	Tracheophyta	Magnoliopsida	Lamiales	Bignoniaceae	Adenocalymma
12182579	7ddf754f-d193-4cc9-b351-99906754a03b	10767005.0			Adenocalymma apparicioanum J.C.Gomes	J.C.Gomes	Adenocalymma apparicioanum	Adenocalymma	apparicioanum		species		Gomes, J. C. (1949). In: Arquiv. Jard. Bot. Rio De Janeiro 9: 223.	accepted			Plantae	Tracheophyta	Magnoliopsida	Lamiales	Bignoniaceae	Adenocalymma
7496422	7ddf754f-d193-4cc9-b351-99906754a03b	10767005.0			Adenocalymma aurantiacum Udulutsch & Assis	Udulutsch & Assis	Adenocalymma aurantiacum	Adenocalymma	aurantiacum		species		Udulutsch, & Assis. (2013). In: Nordic J. Bot. 31(2): 172.	accepted			Plantae	Tracheophyta	Magnoliopsida	Lamiales	Bignoniaceae	Adenocalymma
4091306	7ddf754f-d193-4cc9-b351-99906754a03b	10767005.0			Adenocalymma saulense A.H.Gentry	A.H.Gentry	Adenocalymma saulense	Adenocalymma	saulense		species		Gentry, A. H. (1993). In: Novon 3(2): 140.	accepted			Plantae	Tracheophyta	Magnoliopsida	Lamiales	Bignoniaceae	Adenocalymma
9086407	7ddf754f-d193-4cc9-b351-99906754a03b	10767005.0			Adenocalymma lineare L.H.Fonseca & Zuntini	L.H.Fonseca & Zuntini	Adenocalymma lineare	Adenocalymma	lineare		species		Fonseca, L. H., & Zuntini. (2016). In: Phytotaxa 284(4): 264.	accepted			Plantae	Tracheophyta	Magnoliopsida	Lamiales	Bignoniaceae	Adenocalymma
4094532	7ddf754f-d193-4cc9-b351-99906754a03b	3172588.0			Amphilophium aschersonii Ule	Ule	Amphilophium aschersonii	Amphilophium	aschersonii		species		Ule. (1904). In: Urb. & Graebn. Festschr. Asch. 549.	accepted			Plantae	Tracheophyta	Magnoliopsida	Lamiales	Bignoniaceae	Amphilophium
7678261	046bbc50-cae2-47ff-aa43-729fbf53f7c5	3172588.0			Amphilophium paraguariense Hassl., 1917	Hassl., 1917	Amphilophium paraguariense	Amphilophium	paraguariense		species		Addenda Pl. Hassl. 14. 1917 Without description	accepted			Plantae	Tracheophyta	Magnoliopsida	Lamiales	Bignoniaceae	Amphilophium
4094486	7ddf754f-d193-4cc9-b351-99906754a03b	3172588.0			Amphilophium ecuadorense A.H.Gentry	A.H.Gentry	Amphilophium ecuadorense	Amphilophium	ecuadorense		species		Gentry, A. H. (1977). In: Phytologia 35(3): 183(1977).	accepted			Plantae	Tracheophyta	Magnoliopsida	Lamiales	Bignoniaceae	Amphilophium
8012173	7ddf754f-d193-4cc9-b351-99906754a03b	3172588.0			Amphilophium ayaricum J.R.Grande	J.R.Grande	Amphilophium ayaricum	Amphilophium	ayaricum		species		Grande, J. R. (2011). In: Acta Bot. Venez. 34(1): 115, Fig. 1.	accepted			Plantae	Tracheophyta	Magnoliopsida	Lamiales	Bignoniaceae	Amphilophium
4094225	7ddf754f-d193-4cc9-b351-99906754a03b	3172588.0			Amphilophium pilosum Standl.	Standl.	Amphilophium pilosum	Amphilophium	pilosum		species		Standl. (1938). In: Publ. Field Mus. Nat. Hist., Chicago, Bot. Ser. 17: 392.	accepted			Plantae	Tracheophyta	Magnoliopsida	Lamiales	Bignoniaceae	Amphilophium
4093150	7ddf754f-d193-4cc9-b351-99906754a03b	3172463.0			Anemopaegma hilarianum Bureau & K.Schum.	Bureau & K.Schum.	Anemopaegma hilarianum	Anemopaegma	hilarianum		species		Bureau & K. Schum. (1896). In: Mart. Fl. Bras. 8: II. 124.	accepted			Plantae	Tracheophyta	Magnoliopsida	Lamiales	Bignoniaceae	Anemopaegma
4092513	7ddf754f-d193-4cc9-b351-99906754a03b	3172463.0			Anemopaegma parkeri Sprague	Sprague	Anemopaegma parkeri	Anemopaegma	parkeri		species		Sprague. (1906). In: Bull. Herb. Boissier Ser. II. 6: 375.	accepted			Plantae	Tracheophyta	Magnoliopsida	Lamiales	Bignoniaceae	Anemopaegma
4092481	046bbc50-cae2-47ff-aa43-729fbf53f7c5	3172463.0			Anemopaegma platypus K.Schum., 1894	K.Schum., 1894	Anemopaegma platypus	Anemopaegma	platypus		species		Nat. Pflanzenfam. [Engler & Prantl] 4, Abt. 3b: 215. 1894	accepted			Plantae	Tracheophyta	Magnoliopsida	Lamiales	Bignoniaceae	Anemopaegma
10297540	7ddf754f-d193-4cc9-b351-99906754a03b	3172463.0			Anemopaegma carajasense A.H.Gentry ex Firetti-Legg. & L.G.Lohmann	A.H.Gentry ex Firetti-Legg. & L.G.Lohmann	Anemopaegma carajasense	Anemopaegma	carajasense		species		A. H. Gentry ex Firetti-Legg. & L. G. Lohmann. (2018). In: Rodriguésia 69(3): 1068.	accepted			Plantae	Tracheophyta	Magnoliopsida	Lamiales	Bignoniaceae	Anemopaegma
4093200	7ddf754f-d193-4cc9-b351-99906754a03b	3172463.0			Anemopaegma granvillei A.H.Gentry	A.H.Gentry	Anemopaegma granvillei	Anemopaegma	granvillei		species		Gentry, A. H. (n.d.). In: Ann. Missouri Bot. Gard. 64(2): 311 (1977 Publ. 1978).	accepted			Plantae	Tracheophyta	Magnoliopsida	Lamiales	Bignoniaceae	Anemopaegma
4094627	7ddf754f-d193-4cc9-b351-99906754a03b	3172515.0			Bignonia magnifica W.Bull	W.Bull	Bignonia magnifica	Bignonia	magnifica		species		Bull, W. (1879). In: Gard. Chron. II. 73.	accepted			Plantae	Tracheophyta	Magnoliopsida	Lamiales	Bignoniaceae	Bignonia
4093496	046bbc50-cae2-47ff-aa43-729fbf53f7c5	3172515.0			Bignonia porteriana Wall., 1832	Wall., 1832	Bignonia porteriana	Bignonia	porteriana		species		Numer. List [Wallich] n. 6509. 1832	accepted			Plantae	Tracheophyta	Magnoliopsida	Lamiales	Bignoniaceae	Bignonia
7960929	7ddf754f-d193-4cc9-b351-99906754a03b	3172515.0			Bignonia neouliginosa L.G.Lohmann	L.G.Lohmann	Bignonia neouliginosa	Bignonia	neouliginosa		species		Lohmann, L. G. (2014). In: Ann. Missouri Bot. Gard. 99(3): 421.	accepted			Plantae	Tracheophyta	Magnoliopsida	Lamiales	Bignoniaceae	Bignonia
4093976	7ddf754f-d193-4cc9-b351-99906754a03b	3172515.0			Bignonia callistegioides Cham.	Cham.	Bignonia callistegioides	Bignonia	callistegioides		species		Cham. (1832). In: Linnaea 7: 712.	accepted			Plantae	Tracheophyta	Magnoliopsida	Lamiales	Bignoniaceae	Bignonia
7986146	046bbc50-cae2-47ff-aa43-729fbf53f7c5	3172515.0			Bignonia auriculigera Mart. ex DC., 1845	Mart. ex DC., 1845	Bignonia auriculigera	Bignonia	auriculigera		species		Prodr. [A. P. de Candolle] 9: 194. 1845 [1 Jan 1845]	accepted		Possible variant of Bignonia auriculigera Mart. ex Colla	Plantae	Tracheophyta	Magnoliopsida	Lamiales	Bignoniaceae	Bignonia
10585768	6a8d52af-2897-436e-b03b-a66a0809b89a	3233562.0			Fridericia ventrochaetosa Nagy, Felföldi & Dózsa-Farkas, 2018	Nagy, Felföldi & Dózsa-Farkas, 2018	Fridericia ventrochaetosa	Fridericia	ventrochaetosa		species		Nagy, Hajnalka, Felföldi, Tamás, Dózsa-Farkas, Klára (2018): Morphological and molecular distinction of two Fridericia species (Clitellata, Enchytraeidae) having same spermatheca type. Zootaxa 4496 (1): 111-123, DOI: https://doi.org/10.11646/zootaxa.4496.1.8	accepted			Plantae	Tracheophyta	Magnoliopsida	Lamiales	Bignoniaceae	Fridericia
10670426	7ddf754f-d193-4cc9-b351-99906754a03b	3233562.0			Fridericia resinosa A.H.Gentry ex Kaehler	A.H.Gentry ex Kaehler	Fridericia resinosa	Fridericia	resinosa		species		Gentry ex Kaehler, A. H. (2020). In: Phytotaxa 461(2): 132.	accepted			Plantae	Tracheophyta	Magnoliopsida	Lamiales	Bignoniaceae	Fridericia
11838821	c0ea70c8-d4c1-4c3e-8cf0-70bc798f6982	3233562.0			Fridericia sphaericoides Dózsa-Farkas, Nagy, Felföldi & Hong, 2022	Dózsa-Farkas, Nagy, Felföldi & Hong, 2022	Fridericia sphaericoides	Fridericia	sphaericoides		species		Dózsa-Farkas, Klára, Nagy, Hajnalka, Felföldi, Tamás, Hong, Yong (2022): Four new enchytraeid species (Enchytraeidae, Annelida) from a Korean mountain (Jeoksangsan). Zootaxa 5094 (2): 234-260, DOI: https://doi.org/10.11646/zootaxa.5094.2.2	accepted			Plantae	Tracheophyta	Magnoliopsida	Lamiales	Bignoniaceae	Fridericia
11910629	38264100-f329-431c-9217-48524ee8000a	3233562.0			Fridericia samurai Degtyarev, Lebedev, Kuznetsova, Saifutdi-Nov, Gongalsky & Korobushkin, 2022	Degtyarev, Lebedev, Kuznetsova, Saifutdi-Nov, Gongalsky & Korobushkin, 2022	Fridericia samurai	Fridericia	samurai		species			accepted			Plantae	Tracheophyta	Magnoliopsida	Lamiales	Bignoniaceae	Fridericia
5668574	7ddf754f-d193-4cc9-b351-99906754a03b	3233562.0			Fridericia speciosa Mart.	Mart.	Fridericia speciosa	Fridericia	speciosa		species		Mart. (1827). In: Nova Acta Phys.-Med. Acad. Caes. Leop.-Carol. Nat. Cur. 13(Praef.): 11.	accepted			Plantae	Tracheophyta	Magnoliopsida	Lamiales	Bignoniaceae	Fridericia
11570539	7ddf754f-d193-4cc9-b351-99906754a03b	6401269.0			Handroanthus abayoy Villarroel & G.A.Parada	Villarroel & G.A.Parada	Handroanthus abayoy	Handroanthus	abayoy		species		Villarroel, & Parada, G. A. (2022). In: Phytotaxa 547(1): 98.	accepted			Plantae	Tracheophyta	Magnoliopsida	Lamiales	Bignoniaceae	Handroanthus
4091946	046bbc50-cae2-47ff-aa43-729fbf53f7c5	6401269.0			Handroanthus vellosi (Toledo) Mattos	(Toledo) Mattos	Handroanthus vellosi	Handroanthus	vellosi		species			accepted			Plantae	Tracheophyta	Magnoliopsida	Lamiales	Bignoniaceae	Handroanthus
7587153	7ddf754f-d193-4cc9-b351-99906754a03b	6401269.0			Handroanthus diamantinensis F.Esp.Santo & M.M.Silva	F.Esp.Santo & M.M.Silva	Handroanthus diamantinensis	Handroanthus	diamantinensis		species		F. Esp. Santo & M. M. Silva. (2012). In: Acta Bot. Brasil. 26(3): 652.	accepted			Plantae	Tracheophyta	Magnoliopsida	Lamiales	Bignoniaceae	Handroanthus
8183635	7ddf754f-d193-4cc9-b351-99906754a03b	6401269.0			Handroanthus grandiflorus F.Esp.Santo & M.M.Silva	F.Esp.Santo & M.M.Silva	Handroanthus grandiflorus	Handroanthus	grandiflorus		species		F. Esp. Santo & M. M. Silva. (2012). In: Phytotaxa 48: 2.	accepted			Plantae	Tracheophyta	Magnoliopsida	Lamiales	Bignoniaceae	Handroanthus
7409404	7ddf754f-d193-4cc9-b351-99906754a03b	6401269.0			Handroanthus parviflorus F.Esp.Santo & M.M.Silva	F.Esp.Santo & M.M.Silva	Handroanthus parviflorus	Handroanthus	parviflorus		species		F. Esp. Santo & M. M. Silva. (2012). In: Acta Bot. Brasil. 26(3): 654.	accepted			Plantae	Tracheophyta	Magnoliopsida	Lamiales	Bignoniaceae	Handroanthus
4093123	7ddf754f-d193-4cc9-b351-99906754a03b	3172498.0			Jacaranda selleana Urb.	Urb.	Jacaranda selleana	Jacaranda	selleana		species		Urb. (1929). In: Arkiv Bot., Stockh. 22: A. No. 10, 59.	accepted			Plantae	Tracheophyta	Magnoliopsida	Lamiales	Bignoniaceae	Jacaranda
4090955	7ddf754f-d193-4cc9-b351-99906754a03b	3172498.0			Jacaranda arborea Urb.	Urb.	Jacaranda arborea	Jacaranda	arborea		species		Urb. (1912). In: Symb. Antill. 7: 375.	accepted			Plantae	Tracheophyta	Magnoliopsida	Lamiales	Bignoniaceae	Jacaranda
4093169	7ddf754f-d193-4cc9-b351-99906754a03b	3172498.0			Jacaranda rufa Silva Manso	Silva Manso	Jacaranda rufa	Jacaranda	rufa		species		Silva Manso. (1836). In: Enum. Subst. Brazil. 40.	accepted			Plantae	Tracheophyta	Magnoliopsida	Lamiales	Bignoniaceae	Jacaranda
4093419	7ddf754f-d193-4cc9-b351-99906754a03b	3172498.0			Jacaranda poitaei Urb.	Urb.	Jacaranda poitaei	Jacaranda	poitaei		species		Urb. (1912). In: Symb. Antill. 7: 376.	accepted			Plantae	Tracheophyta	Magnoliopsida	Lamiales	Bignoniaceae	Jacaranda
4094656	7ddf754f-d193-4cc9-b351-99906754a03b	3172498.0			Jacaranda carajasensis A.H.Gentry	A.H.Gentry	Jacaranda carajasensis	Jacaranda	carajasensis		species		Gentry, A. H. (1992). In: Fl. Neotrop. 25(II): 63.	accepted			Plantae	Tracheophyta	Magnoliopsida	Lamiales	Bignoniaceae	Jacaranda
9137586	aacd816d-662c-49d2-ad1a-97e66e2a2908	3172523.0			Tabebuia brevipes Bureau & K.Schum.	Bureau & K.Schum.	Tabebuia brevipes	Tabebuia	brevipes		species			accepted			Plantae	Tracheophyta	Magnoliopsida	Lamiales	Bignoniaceae	Tabebuia
6710587	66dd0960-2d7d-46ee-a491-87b9adcfe7b1	3172523.0			Tabebuia hybr		Tabebuia hybr	Tabebuia	hybr		species			accepted			Plantae	Tracheophyta	Magnoliopsida	Lamiales	Bignoniaceae	Tabebuia
4091176	046bbc50-cae2-47ff-aa43-729fbf53f7c5	3172523.0			Tabebuia sessifolia Donn.Sm., 1898	Donn.Sm., 1898	Tabebuia sessifolia	Tabebuia	sessifolia		species		Bot. Gaz. 25: 156. 1898	accepted			Plantae	Tracheophyta	Magnoliopsida	Lamiales	Bignoniaceae	Tabebuia
4094175	f382f0ce-323a-4091-bb9f-add557f3a9a2	3172523.0		4093050.0	Tabebuia domingensis (Urb.) Britton	(Urb.) Britton	Tabebuia domingensis	Tabebuia	domingensis		species		Bull. Torrey Bot. Club 42: 378 (1915)	accepted			Plantae	Tracheophyta	Magnoliopsida	Lamiales	Bignoniaceae	Tabebuia
4091870	7ddf754f-d193-4cc9-b351-99906754a03b	7935410.0			Tabebuia pilosa A.H.Gentry	A.H.Gentry	Tabebuia pilosa	Tabebuia	pilosa		species		Gentry, A. H. (1978). In: Mem. New York Bot. Gard. 29: 268.	accepted			Plantae	Tracheophyta	Magnoliopsida	Lamiales	Bignoniaceae	Tabebuia
3825255	7ddf754f-d193-4cc9-b351-99906754a03b	6365037.0			Aeschynanthus musaensis P.Woods	P.Woods	Aeschynanthus musaensis	Aeschynanthus	musaensis		species		Woods, P. (1975). In: Notes Roy. Bot. Gard. Edinburgh 33(3): 487.	accepted			Plantae	Tracheophyta	Magnoliopsida	Lamiales	Gesneriaceae	Aeschynanthus
3817780	7ddf754f-d193-4cc9-b351-99906754a03b	6365037.0			Aeschynanthus kermesinus Schltr. ex Schltr.	Schltr. ex Schltr.	Aeschynanthus kermesinus	Aeschynanthus	kermesinus		species		Schltr. ex Schltr. (1926). In: Nova Guinea 14: 309, Descr. Ampl.	accepted			Plantae	Tracheophyta	Magnoliopsida	Lamiales	Gesneriaceae	Aeschynanthus
3818981	7ddf754f-d193-4cc9-b351-99906754a03b	6365037.0			Aeschynanthus amoenus C.B.Clarke	C.B.Clarke	Aeschynanthus amoenus	Aeschynanthus	amoenus		species		Clarke, C. B. (1883). In: DC. & A. DC., Monogr. Phan. 5: 47.	accepted			Plantae	Tracheophyta	Magnoliopsida	Lamiales	Gesneriaceae	Aeschynanthus
3818796	7ddf754f-d193-4cc9-b351-99906754a03b	6365037.0			Aeschynanthus batakiorum Mendum & Madulid	Mendum & Madulid	Aeschynanthus batakiorum	Aeschynanthus	batakiorum		species		Mendum, & Madulid. (1999). In: Edinburgh. J. Bot. 56(2): 269.	accepted			Plantae	Tracheophyta	Magnoliopsida	Lamiales	Gesneriaceae	Aeschynanthus
3825368	7ddf754f-d193-4cc9-b351-99906754a03b	6365037.0			Aeschynanthus microtrichus C.B.Clarke	C.B.Clarke	Aeschynanthus microtrichus	Aeschynanthus	microtrichus		species		Clarke, C. B. (1883). In: DC. & A. DC., Monogr. Phan. 5: 51.	accepted			Plantae	Tracheophyta	Magnoliopsida	Lamiales	Gesneriaceae	Aeschynanthus
3825485	7ddf754f-d193-4cc9-b351-99906754a03b	6365035.0			Besleria kalbreyeri Fritsch	Fritsch	Besleria kalbreyeri	Besleria	kalbreyeri		species		Fritsch. (1922). In: Repert. Spec. Nov. Regni Veg. 18: 8.	accepted			Plantae	Tracheophyta	Magnoliopsida	Lamiales	Gesneriaceae	Besleria
3819665	7ddf754f-d193-4cc9-b351-99906754a03b	6365035.0			Besleria arborescens C.V.Morton	C.V.Morton	Besleria arborescens	Besleria	arborescens		species		Morton, C. V. (1944). In: Contr. U. S. Natl. Herb. 29: 20.	accepted			Plantae	Tracheophyta	Magnoliopsida	Lamiales	Gesneriaceae	Besleria
6365691	7ddf754f-d193-4cc9-b351-99906754a03b	6365035.0			Besleria sprucei Britton ex Rusby	Britton ex Rusby	Besleria sprucei	Besleria	sprucei		species		Britton ex Rusby. (1900). In: Bull. Torr. Bot. Club, 31.	accepted			Plantae	Tracheophyta	Magnoliopsida	Lamiales	Gesneriaceae	Besleria
3819097	7ddf754f-d193-4cc9-b351-99906754a03b	6365035.0			Besleria cognata C.V.Morton	C.V.Morton	Besleria cognata	Besleria	cognata		species		Morton, C. V. (1939). In: Contr. U. S. Natl. Herb. 26: 423.	accepted			Plantae	Tracheophyta	Magnoliopsida	Lamiales	Gesneriaceae	Besleria
3825263	7ddf754f-d193-4cc9-b351-99906754a03b	6365035.0			Besleria longimucronata Hoehne	Hoehne	Besleria longimucronata	Besleria	longimucronata		species		Hoehne. (1958). In: Sellowia, No. 9, 41.	accepted			Plantae	Tracheophyta	Magnoliopsida	Lamiales	Gesneriaceae	Besleria
5590730	7ddf754f-d193-4cc9-b351-99906754a03b	3172890.0			Columnea coronocrypta M.Amaya, L.E.Skog & L.P.Kvist	M.Amaya, L.E.Skog & L.P.Kvist	Columnea coronocrypta	Columnea	coronocrypta		species		Amaya, M., Skog, L. E., & Kvist, L. P. (2004). In: Edinburgh J. Bot. 60: 415.	accepted			Plantae	Tracheophyta	Magnoliopsida	Lamiales	Gesneriaceae	Columnea
5589790	7ddf754f-d193-4cc9-b351-99906754a03b	3172890.0			Columnea kucyniakii Raymond	Raymond	Columnea kucyniakii	Columnea	kucyniakii		species		Raymond. (1964). In: Svensk Bot. Tidskr. 58: 185.	accepted			Plantae	Tracheophyta	Magnoliopsida	Lamiales	Gesneriaceae	Columnea
5589190	7ddf754f-d193-4cc9-b351-99906754a03b	3172890.0			Columnea pectinata C.V.Morton	C.V.Morton	Columnea pectinata	Columnea	pectinata		species		Morton, C. V. (1942). In: Ann. Missouri Bot. Gard. 29: 50.	accepted			Plantae	Tracheophyta	Magnoliopsida	Lamiales	Gesneriaceae	Columnea
5589352	7ddf754f-d193-4cc9-b351-99906754a03b	3172890.0			Columnea nematoloba L.P.Kvist & L.E.Skog	L.P.Kvist & L.E.Skog	Columnea nematoloba	Columnea	nematoloba		species		Kvist, L. P., & Skog, L. E. (1992). In: Brittonia 44(4): 479.	accepted			Plantae	Tracheophyta	Magnoliopsida	Lamiales	Gesneriaceae	Columnea
5589674	7ddf754f-d193-4cc9-b351-99906754a03b	3172890.0			Columnea longinervosa L.P.Kvist & L.E.Skog	L.P.Kvist & L.E.Skog	Columnea longinervosa	Columnea	longinervosa		species		Kvist, L. P., & Skog, L. E. (1993). In: Allertonia 6(5): 363.	accepted			Plantae	Tracheophyta	Magnoliopsida	Lamiales	Gesneriaceae	Columnea
5590878	7ddf754f-d193-4cc9-b351-99906754a03b	3172659.0			Cyrtandra involucrata Seem.	Seem.	Cyrtandra involucrata	Cyrtandra	involucrata		species		Seem. (1861). In: Bonplandia 9: 257, Nomen; Fl. Vit. 183.	accepted			Plantae	Tracheophyta	Magnoliopsida	Lamiales	Gesneriaceae	Cyrtandra
6070381	7ddf754f-d193-4cc9-b351-99906754a03b	3172659.0			Cyrtandra teysmannii Miq.	Miq.	Cyrtandra teysmannii	Cyrtandra	teysmannii		species		Miq. (1858). In: Fl. Ned. Ind. 2: 741.	accepted			Plantae	Tracheophyta	Magnoliopsida	Lamiales	Gesneriaceae	Cyrtandra
5590899	7ddf754f-d193-4cc9-b351-99906754a03b	3172659.0			Cyrtandra integrifolia C.B.Clarke	C.B.Clarke	Cyrtandra integrifolia	Cyrtandra	integrifolia		species		Clarke, C. B. (1883). In: DC. & A. DC., Monogr. Phan. 5: 248.	accepted			Plantae	Tracheophyta	Magnoliopsida	Lamiales	Gesneriaceae	Cyrtandra
6365280	7ddf754f-d193-4cc9-b351-99906754a03b	3172659.0			Cyrtandra ootensis F.Br.	F.Br.	Cyrtandra ootensis	Cyrtandra	ootensis		species		F. Br. (1935). In: Bull. Bernice P. Bishop Mus. 130, 273.	accepted			Plantae	Tracheophyta	Magnoliopsida	Lamiales	Gesneriaceae	Cyrtandra
5589987	7ddf754f-d193-4cc9-b351-99906754a03b	3172659.0			Cyrtandra minjemensis Schltr.	Schltr.	Cyrtandra minjemensis	Cyrtandra	minjemensis		species		Schltr. (1923). In: Bot. Jahrb. Syst. 58: 348.	accepted			Plantae	Tracheophyta	Magnoliopsida	Lamiales	Gesneriaceae	Cyrtandra
10798595	7ddf754f-d193-4cc9-b351-99906754a03b	3233452.0			Oreocharis parviflora Lei Cai & Z.K.Wu	Lei Cai & Z.K.Wu	Oreocharis parviflora	Oreocharis	parviflora		species		Lei Cai, & Wu, Z. K. (2017). In: Phytotaxa 329(2): 167.	accepted			Plantae	Tracheophyta	Magnoliopsida	Lamiales	Gesneriaceae	Oreocharis
5588687	f382f0ce-323a-4091-bb9f-add557f3a9a2	3233452.0			Oreocharis cavalieri H.Lév.	H.Lév.	Oreocharis cavalieri	Oreocharis	cavalieri		species		Repert. Spec. Nov. Regni Veg. 7: 258 (1909)	accepted			Plantae	Tracheophyta	Magnoliopsida	Lamiales	Gesneriaceae	Oreocharis
6070009	7ddf754f-d193-4cc9-b351-99906754a03b	3233452.0			Oreocharis stenosiphon Mich.Möller & A.Weber	Mich.Möller & A.Weber	Oreocharis stenosiphon	Oreocharis	stenosiphon		species		Mich. Möller & A. Weber. (2011). In: Phytotaxa 23: 26.	accepted			Plantae	Tracheophyta	Magnoliopsida	Lamiales	Gesneriaceae	Oreocharis
10733713	7ddf754f-d193-4cc9-b351-99906754a03b	3233452.0			Oreocharis duyunensis Z.Y.Li, X.G.Xiang & Z.Y.Guo	Z.Y.Li, X.G.Xiang & Z.Y.Guo	Oreocharis duyunensis	Oreocharis	duyunensis		species		Li, Z. Y., Xiang, X. G., & Guo, Z. Y. (2018). In: Nordic J. Bot. 36(9)-E01514: 3.	accepted			Plantae	Tracheophyta	Magnoliopsida	Lamiales	Gesneriaceae	Oreocharis
11714153	7ddf754f-d193-4cc9-b351-99906754a03b	3233452.0			Oreocharis guangwushanensis Z.L.Li & Xin Hong	Z.L.Li & Xin Hong	Oreocharis guangwushanensis	Oreocharis	guangwushanensis		species		Li, Z. L., & Xin Hong. (2022). In: PhytoKeys 201: 125, Fig. 1.	accepted			Plantae	Tracheophyta	Magnoliopsida	Lamiales	Gesneriaceae	Oreocharis
5591601	7ddf754f-d193-4cc9-b351-99906754a03b	3233507.0			Paraboea capitata Ridl.	Ridl.	Paraboea capitata	Paraboea	capitata		species		Ridl. (1905). In: J. Straits Branch Roy. Asiat. Soc. 44: 67.	accepted			Plantae	Tracheophyta	Magnoliopsida	Lamiales	Gesneriaceae	Paraboea
5591624	7ddf754f-d193-4cc9-b351-99906754a03b	3233507.0			Paraboea bintangensis B.L.Burtt	B.L.Burtt	Paraboea bintangensis	Paraboea	bintangensis		species		Burtt, B. L. (1971). In: Notes Roy. Bot. Gard. Edinburgh 31(1): 51.	accepted			Plantae	Tracheophyta	Magnoliopsida	Lamiales	Gesneriaceae	Paraboea
10682802	7ddf754f-d193-4cc9-b351-99906754a03b	3233507.0			Paraboea tenuicalyx Triboun	Triboun	Paraboea tenuicalyx	Paraboea	tenuicalyx		species		Triboun. (2012). In: Gard. Bull. Singapore 64(2): 364.	accepted			Plantae	Tracheophyta	Magnoliopsida	Lamiales	Gesneriaceae	Paraboea
8953349	7ddf754f-d193-4cc9-b351-99906754a03b	3233507.0			Paraboea xylocaulis Triboun	Triboun	Paraboea xylocaulis	Paraboea	xylocaulis		species		Triboun. (2012). In: Gard. Bull. Singapore 64(2): 366.	accepted			Plantae	Tracheophyta	Magnoliopsida	Lamiales	Gesneriaceae	Paraboea
10841019	7ddf754f-d193-4cc9-b351-99906754a03b	3233507.0			Paraboea minutiflora D.J.Middleton	D.J.Middleton	Paraboea minutiflora	Paraboea	minutiflora		species		Middleton, D. J. (2018). In: Edinburgh J. Bot. 75(3): 423.	accepted			Plantae	Tracheophyta	Magnoliopsida	Lamiales	Gesneriaceae	Paraboea
10716131	7ddf754f-d193-4cc9-b351-99906754a03b	6365114.0			Primulina moi F.Wen & Y.G.Wei	F.Wen & Y.G.Wei	Primulina moi	Primulina	moi		species		Wen, F., & Wei, Y. G. (2015). In: Nordic J. Bot. 33(4): 446.	accepted			Plantae	Tracheophyta	Magnoliopsida	Lamiales	Gesneriaceae	Primulina
10728203	7ddf754f-d193-4cc9-b351-99906754a03b	6365114.0			Primulina yangshanensis W.B.Xu & B.Pan	W.B.Xu & B.Pan	Primulina yangshanensis	Primulina	yangshanensis		species		Xu, W. B., & Pan, B. (2015). In: Bot. Stud. (Taipei) 56(34): 9.	accepted			Plantae	Tracheophyta	Magnoliopsida	Lamiales	Gesneriaceae	Primulina
10699184	7ddf754f-d193-4cc9-b351-99906754a03b	6365114.0			Primulina petrocosmeoides B.Pan & F.Wen	B.Pan & F.Wen	Primulina petrocosmeoides	Primulina	petrocosmeoides		species		Pan, B., & Wen, F. (2014). In: Nordic J. Bot. 32(6): 844.	accepted			Plantae	Tracheophyta	Magnoliopsida	Lamiales	Gesneriaceae	Primulina
10891892	7ddf754f-d193-4cc9-b351-99906754a03b	6365114.0			Primulina rubribracteata Z.L.Ning & M.Kang	Z.L.Ning & M.Kang	Primulina rubribracteata	Primulina	rubribracteata		species		Ning, Z. L., & Kang, M. (2015). In: Phytotaxa 239(1): 56.	accepted			Plantae	Tracheophyta	Magnoliopsida	Lamiales	Gesneriaceae	Primulina
10814864	7ddf754f-d193-4cc9-b351-99906754a03b	6365114.0			Primulina versicolor F.Wen, B.Pan & B.M.Wang	F.Wen, B.Pan & B.M.Wang	Primulina versicolor	Primulina	versicolor		species		Wen, F., Pan, B., & Wang, B. M. (2016). In: Edinburgh J. Bot. 73(1): 27.	accepted			Plantae	Tracheophyta	Magnoliopsida	Lamiales	Gesneriaceae	Primulina
5590712	7ddf754f-d193-4cc9-b351-99906754a03b	3233500.0			Streptocarpus oliganthus B.L.Burtt	B.L.Burtt	Streptocarpus oliganthus	Streptocarpus	oliganthus		species		Burtt, B. L. (1971). In: Fl. Madagascar, Fam. 180: 156.	accepted			Plantae	Tracheophyta	Magnoliopsida	Lamiales	Gesneriaceae	Streptocarpus
5591215	7ddf754f-d193-4cc9-b351-99906754a03b	3233500.0			Streptocarpus fasciatus T.J.Edwards & Kunhardt	T.J.Edwards & Kunhardt	Streptocarpus fasciatus	Streptocarpus	fasciatus		species		Edwards, T. J., & Kunhardt. (1992). In: Bothalia 22(2): 192.	accepted			Plantae	Tracheophyta	Magnoliopsida	Lamiales	Gesneriaceae	Streptocarpus
12176830	f382f0ce-323a-4091-bb9f-add557f3a9a2	3233500.0			Streptocarpus ×bruantii Anon.	Anon.	Streptocarpus bruantii	Streptocarpus	bruantii		species		Rev. Hort. (Paris) 61: 217 (1889)	accepted			Plantae	Tracheophyta	Magnoliopsida	Lamiales	Gesneriaceae	Streptocarpus
11163273	bae5856f-da10-4333-90a0-5a2135361b30	3233500.0			Streptocarpus saundersiae Hook.	Hook.	Streptocarpus saundersiae	Streptocarpus	saundersiae		species			accepted			Plantae	Tracheophyta	Magnoliopsida	Lamiales	Gesneriaceae	Streptocarpus
9091978	7ddf754f-d193-4cc9-b351-99906754a03b	3233500.0			Streptocarpus acicularis I.Darbysh. & Massingue	I.Darbysh. & Massingue	Streptocarpus acicularis	Streptocarpus	acicularis		species		I. Darbysh. & Massingue. (2014). In: Edinburgh J. Bot. 71(1): 7.	accepted			Plantae	Tracheophyta	Magnoliopsida	Lamiales	Gesneriaceae	Streptocarpus
3893107	7ddf754f-d193-4cc9-b351-99906754a03b	2925347.0			Clerodendrum gibbosum Moldenke	Moldenke	Clerodendrum gibbosum	Clerodendrum	gibbosum		species		Amer. J. Bot. 38: 323 (1951)	accepted			Plantae	Tracheophyta	Magnoliopsida	Lamiales	Lamiaceae	Clerodendrum
8320063	7ddf754f-d193-4cc9-b351-99906754a03b	2925347.0			Clerodendrum lindleyi Decne. ex Planch.	Decne. ex Planch.	Clerodendrum lindleyi	Clerodendrum	lindleyi		species		Fl. Serres Jard. Eur. 9: 17 (1853)	accepted			Plantae	Tracheophyta	Magnoliopsida	Lamiales	Lamiaceae	Clerodendrum
3890279	7ddf754f-d193-4cc9-b351-99906754a03b	2925347.0			Clerodendrum pusillum Gürke	Gürke	Clerodendrum pusillum	Clerodendrum	pusillum		species		Bot. Jahrb. Syst. 30: 390 (1901)	accepted			Plantae	Tracheophyta	Magnoliopsida	Lamiales	Lamiaceae	Clerodendrum
3893775	7ddf754f-d193-4cc9-b351-99906754a03b	2925347.0			Clerodendrum dusenii Gürke	Gürke	Clerodendrum dusenii	Clerodendrum	dusenii		species		Bot. Jahrb. Syst. 28: 293 (1900)	accepted			Plantae	Tracheophyta	Magnoliopsida	Lamiales	Lamiaceae	Clerodendrum
3890233	7ddf754f-d193-4cc9-b351-99906754a03b	2925347.0			Clerodendrum pyrifolium Baker	Baker	Clerodendrum pyrifolium	Clerodendrum	pyrifolium		species		J. Linn. Soc., Bot. 20: 228 (1883)	accepted			Plantae	Tracheophyta	Magnoliopsida	Lamiales	Lamiaceae	Clerodendrum
5605355	7ddf754f-d193-4cc9-b351-99906754a03b	2927310.0			Coleus nyikensis Baker	Baker	Coleus nyikensis	Coleus	nyikensis		species		D.Oliver & auct. suc. (eds.), Fl. Trop. Afr. 5: 439 (1900)	accepted			Plantae	Tracheophyta	Magnoliopsida	Lamiales	Lamiaceae	Coleus
5605706	7ddf754f-d193-4cc9-b351-99906754a03b	2927310.0			Coleus efoliatus De Wild.	De Wild.	Coleus efoliatus	Coleus	efoliatus		species		Contr. Fl. Katanga: 173 (1921)	accepted			Plantae	Tracheophyta	Magnoliopsida	Lamiales	Lamiaceae	Coleus
5605569	7ddf754f-d193-4cc9-b351-99906754a03b	2927310.0			Coleus inflatus Benth.	Benth.	Coleus inflatus	Coleus	inflatus		species		Labiat. Gen. Spec.: 58 (1832)	accepted			Plantae	Tracheophyta	Magnoliopsida	Lamiales	Lamiaceae	Coleus
5605509	7ddf754f-d193-4cc9-b351-99906754a03b	2927310.0			Coleus lasianthus Gürke	Gürke	Coleus lasianthus	Coleus	lasianthus		species		Bot. Jahrb. Syst. 19: 212 (1894)	accepted			Plantae	Tracheophyta	Magnoliopsida	Lamiales	Lamiaceae	Coleus
9827505	7ddf754f-d193-4cc9-b351-99906754a03b	2927310.0			Coleus ater A.J.Paton	A.J.Paton	Coleus ater	Coleus	ater		species		PhytoKeys 129: 21 (2019)	accepted			Plantae	Tracheophyta	Magnoliopsida	Lamiales	Lamiaceae	Coleus
11730939	e8f324ac-ab53-475f-a010-0f15f40ef344	2927325.0			Nepeta iraqo-iranica Haloob, Bordbar & Qader, 2022	Haloob, Bordbar & Qader, 2022	Nepeta iraqo-iranica	Nepeta	iraqo-iranica		species			accepted			Plantae	Tracheophyta	Magnoliopsida	Lamiales	Lamiaceae	Nepeta
5609665	7ddf754f-d193-4cc9-b351-99906754a03b	2927325.0			Nepeta souliei H.Lév.	H.Lév.	Nepeta souliei	Nepeta	souliei		species		Repert. Spec. Nov. Regni Veg. 9: 221 (1911)	accepted			Plantae	Tracheophyta	Magnoliopsida	Lamiales	Lamiaceae	Nepeta
5610532	7ddf754f-d193-4cc9-b351-99906754a03b	2927325.0			Nepeta foliosa Moris	Moris	Nepeta foliosa	Nepeta	foliosa		species		Stirp. Sard. Elench. 3: 10 (1829)	accepted			Plantae	Tracheophyta	Magnoliopsida	Lamiales	Lamiaceae	Nepeta
11210821	bae5856f-da10-4333-90a0-5a2135361b30	2927325.0			Nepeta rechingerae Hedge	Hedge	Nepeta rechingerae	Nepeta	rechingerae		species			accepted			Plantae	Tracheophyta	Magnoliopsida	Lamiales	Lamiaceae	Nepeta
5610206	7ddf754f-d193-4cc9-b351-99906754a03b	2927325.0			Nepeta meyeri Benth.	Benth.	Nepeta meyeri	Nepeta	meyeri		species		Labiat. Gen. Spec.: 478 (1834)	accepted			Plantae	Tracheophyta	Magnoliopsida	Lamiales	Lamiaceae	Nepeta
8249437	7ddf754f-d193-4cc9-b351-99906754a03b	2926981.0			Salvia purpurea Cav.	Cav.	Salvia purpurea	Salvia	purpurea		species		Icon. 2: 52 (1793)	accepted			Plantae	Tracheophyta	Magnoliopsida	Lamiales	Lamiaceae	Salvia
7307270	046bbc50-cae2-47ff-aa43-729fbf53f7c5	2926981.0			Salvia scorodoniifolia Desf., 1815	Desf., 1815	Salvia scorodoniifolia	Salvia	scorodoniifolia		species		Tabl. École Bot., ed. 2. 67. 1815; Poir. Encyc. Suppl. 5, 46.	accepted			Plantae	Tracheophyta	Magnoliopsida	Lamiales	Lamiaceae	Salvia
3899569	7ddf754f-d193-4cc9-b351-99906754a03b	2926981.0			Salvia incumbens Urb. & Ekman	Urb. & Ekman	Salvia incumbens	Salvia	incumbens		species		Ark. Bot. 20A(15): 85 (1926)	accepted			Plantae	Tracheophyta	Magnoliopsida	Lamiales	Lamiaceae	Salvia
5792574	19491596-35ae-4a91-9a98-85cf505f1bd3	2926981.0			Salvia humboltiana F.Dietr.	F.Dietr.	Salvia humboltiana	Salvia	humboltiana		species			accepted			Plantae	Tracheophyta	Magnoliopsida	Lamiales	Lamiaceae	Salvia
3902420	7ddf754f-d193-4cc9-b351-99906754a03b	2926981.0			Salvia flava Forrest ex Diels	Forrest ex Diels	Salvia flava	Salvia	flava		species		Notes Roy. Bot. Gard. Edinburgh 5: 235 (1912)	accepted			Plantae	Tracheophyta	Magnoliopsida	Lamiales	Lamiaceae	Salvia
5608768	7ddf754f-d193-4cc9-b351-99906754a03b	2926730.0			Scutellaria ocellata Juz.	Juz.	Scutellaria ocellata	Scutellaria	ocellata		species		Bot. Mater. Gerb. Bot. Inst. Komarova Akad. Nauk S.S.S.R. 14: 376 (1951)	accepted			Plantae	Tracheophyta	Magnoliopsida	Lamiales	Lamiaceae	Scutellaria
5608786	7ddf754f-d193-4cc9-b351-99906754a03b	2926730.0			Scutellaria nigricans C.Y.Wu	C.Y.Wu	Scutellaria nigricans	Scutellaria	nigricans		species		Fl. Reipubl. Popularis Sin. 65(2): 578 (1977)	accepted			Plantae	Tracheophyta	Magnoliopsida	Lamiales	Lamiaceae	Scutellaria
5609978	7ddf754f-d193-4cc9-b351-99906754a03b	2926730.0			Scutellaria ariana Hedge	Hedge	Scutellaria ariana	Scutellaria	ariana		species		Notes Roy. Bot. Gard. Edinburgh 28: 139 (1968)	accepted			Plantae	Tracheophyta	Magnoliopsida	Lamiales	Lamiaceae	Scutellaria
5608019	046bbc50-cae2-47ff-aa43-729fbf53f7c5	2926730.0			Scutellaria tonkinensis Doan, 1936	Doan, 1936	Scutellaria tonkinensis	Scutellaria	tonkinensis		species		Fl. Indo-Chine [P.H. Lecomte et al.] 4: 1004, gallice. 1936	accepted			Plantae	Tracheophyta	Magnoliopsida	Lamiales	Lamiaceae	Scutellaria
5609359	7ddf754f-d193-4cc9-b351-99906754a03b	2926730.0			Scutellaria grossa Wall.	Wall.	Scutellaria grossa	Scutellaria	grossa		species		Pl. Asiat. Rar. 1: 67 (1830)	accepted			Plantae	Tracheophyta	Magnoliopsida	Lamiales	Lamiaceae	Scutellaria
3882152	7ddf754f-d193-4cc9-b351-99906754a03b	2927228.0			Stachys jaimehintonii B.L.Turner	B.L.Turner	Stachys jaimehintonii	Stachys	jaimehintonii		species		Phytologia 76: 395 (1994)	accepted			Plantae	Tracheophyta	Magnoliopsida	Lamiales	Lamiaceae	Stachys
3902625	7ddf754f-d193-4cc9-b351-99906754a03b	2927228.0			Stachys tubulosa MacOwan	MacOwan	Stachys tubulosa	Stachys	tubulosa		species		Bull. Misc. Inform. Kew 1893: 13 (1893)	accepted			Plantae	Tracheophyta	Magnoliopsida	Lamiales	Lamiaceae	Stachys
3903358	7ddf754f-d193-4cc9-b351-99906754a03b	2927228.0			Stachys sivasica Kit Tan & Yildiz	Kit Tan & Yildiz	Stachys sivasica	Stachys	sivasica		species		Notes Roy. Bot. Gard. Edinburgh 45: 449 (1988 publ. 1989)	accepted			Plantae	Tracheophyta	Magnoliopsida	Lamiales	Lamiaceae	Stachys
7390899	046bbc50-cae2-47ff-aa43-729fbf53f7c5	2927228.0			Stachys major Uspenski	Uspenski	Stachys major	Stachys	major		species		Bull. Soc. Imp. Naturalistes Moscou vii. (1834) 376, nomen.	accepted			Plantae	Tracheophyta	Magnoliopsida	Lamiales	Lamiaceae	Stachys
11566020	e70bccc8-97d2-4d55-a017-3505dbafa3c8	2927228.0			Stachys milasensis O.Guner, 2022	O.Guner, 2022	Stachys milasensis	Stachys	milasensis		species			accepted			Plantae	Tracheophyta	Magnoliopsida	Lamiales	Lamiaceae	Stachys
7474497	7ddf754f-d193-4cc9-b351-99906754a03b	2926895.0			Teucrium salaminium Hadjik. & Hand	Hadjik. & Hand	Teucrium salaminium	Teucrium	salaminium		species		Candollea 66: 342 (2011)	accepted			Plantae	Tracheophyta	Magnoliopsida	Lamiales	Lamiaceae	Teucrium
11031597	046bbc50-cae2-47ff-aa43-729fbf53f7c5	2926895.0			Teucrium grisebachii Hieron. ex Seckt	Hieron. ex Seckt	Teucrium grisebachii	Teucrium	grisebachii		species		Fl. Cordob. (Rev. Univ. Nac. Cordoba, xvi-xvii.) 430 (1929-30), in syn.	accepted			Plantae	Tracheophyta	Magnoliopsida	Lamiales	Lamiaceae	Teucrium
3893027	046bbc50-cae2-47ff-aa43-729fbf53f7c5	2926895.0			Teucrium sordium Steud., 1841	Steud., 1841	Teucrium sordium	Teucrium	sordium		species		Nomencl. Bot.  [Steudel], ed. 2. 2: 675, in syn., err. typ. 1841	accepted			Plantae	Tracheophyta	Magnoliopsida	Lamiales	Lamiaceae	Teucrium
3894066	7ddf754f-d193-4cc9-b351-99906754a03b	2926895.0			Teucrium pseudochamaepitys L.	L.	Teucrium pseudochamaepitys	Teucrium	pseudochamaepitys		species		Sp. Pl.: 562 (1753)	accepted			Plantae	Tracheophyta	Magnoliopsida	Lamiales	Lamiaceae	Teucrium
8033508	046bbc50-cae2-47ff-aa43-729fbf53f7c5	2926895.0			Teucrium corbariense Lapeyr. ex Steud., 1821	Lapeyr. ex Steud., 1821	Teucrium corbariense	Teucrium	corbariense		species		Nomencl. Bot. [Steudel] 829. 1821	accepted		Possible variant of Teucrium ×corbariense Coste & Sennen	Plantae	Tracheophyta	Magnoliopsida	Lamiales	Lamiaceae	Teucrium
5605287	046bbc50-cae2-47ff-aa43-729fbf53f7c5	2926960.0			Thymus spicatus W.H.Baxter, 1839	W.H.Baxter, 1839	Thymus spicatus	Thymus	spicatus		species		Hort. Brit. [Loudon], ed. 3. 677, nomen (Quid ?). 1839 ; second additional supplement (cited in IK as 'Hort. Brit. Suppl. ii.')	accepted			Plantae	Tracheophyta	Magnoliopsida	Lamiales	Lamiaceae	Thymus
5606918	7ddf754f-d193-4cc9-b351-99906754a03b	2926960.0			Thymus ×hercegovinus Ronniger	Ronniger	Thymus hercegovinus	Thymus	hercegovinus		species		Repert. Spec. Nov. Regni Veg. Beih. 30(2): 378 (1930)	accepted			Plantae	Tracheophyta	Magnoliopsida	Lamiales	Lamiaceae	Thymus
5605119	7ddf754f-d193-4cc9-b351-99906754a03b	2926960.0			Thymus transcaucasicus Ronniger	Ronniger	Thymus transcaucasicus	Thymus	transcaucasicus		species		Repert. Spec. Nov. Regni Veg. 31: 140 (1932)	accepted			Plantae	Tracheophyta	Magnoliopsida	Lamiales	Lamiaceae	Thymus
8361472	7ddf754f-d193-4cc9-b351-99906754a03b	2926960.0			Thymus ×valdesii J.Gómez & R.Roselló	J.Gómez & R.Roselló	Thymus valdesii	Thymus	valdesii		species		Jornadas Medio Nat. Albacetense: 111 (2004)	accepted			Plantae	Tracheophyta	Magnoliopsida	Lamiales	Lamiaceae	Thymus
5606390	7ddf754f-d193-4cc9-b351-99906754a03b	2926960.0			Thymus majkopiensis Klokov & Des.-Shost.	Klokov & Des.-Shost.	Thymus majkopiensis	Thymus	majkopiensis		species		Trudy Bot. Inst. (Baku) 2: 309 (1936)	accepted			Plantae	Tracheophyta	Magnoliopsida	Lamiales	Lamiaceae	Thymus
7589470	7ddf754f-d193-4cc9-b351-99906754a03b	7297832.0			Genlisea tuberosa Rivadavia, Gonella & A.Fleischm.	Rivadavia, Gonella & A.Fleischm.	Genlisea tuberosa	Genlisea	tuberosa		species		Rivadavia, Gonella & A. Fleischm. (2013). In: Syst. Bot. 38(2): 464.	accepted			Plantae	Tracheophyta	Magnoliopsida	Lamiales	Lentibulariaceae	Genlisea
4088228	7ddf754f-d193-4cc9-b351-99906754a03b	7297832.0			Genlisea sanariapoana Steyerm.	Steyerm.	Genlisea sanariapoana	Genlisea	sanariapoana		species		Steyerm. (1953). In: Fieldiana, Bot. 28: No. 3, 534.	accepted			Plantae	Tracheophyta	Magnoliopsida	Lamiales	Lentibulariaceae	Genlisea
4087393	7ddf754f-d193-4cc9-b351-99906754a03b	7297832.0			Genlisea angolensis R.D.Good	R.D.Good	Genlisea angolensis	Genlisea	angolensis		species		Good, R. D. (1924). In: J. Bot. 62: 165.	accepted			Plantae	Tracheophyta	Magnoliopsida	Lamiales	Lentibulariaceae	Genlisea
8977050	7ddf754f-d193-4cc9-b351-99906754a03b	7297832.0			Genlisea lobata Fromm	Fromm	Genlisea lobata	Genlisea	lobata		species		Fromm. (1989). In: Bradea, 5(14): 152.	accepted			Plantae	Tracheophyta	Magnoliopsida	Lamiales	Lentibulariaceae	Genlisea
7752931	7ddf754f-d193-4cc9-b351-99906754a03b	7297832.0			Genlisea nebulicola Rivadavia, Gonella & A.Fleischm.	Rivadavia, Gonella & A.Fleischm.	Genlisea nebulicola	Genlisea	nebulicola		species		Rivadavia, Gonella & A. Fleischm. (2011). In: Phytotaxa 33: 21.	accepted			Plantae	Tracheophyta	Magnoliopsida	Lamiales	Lentibulariaceae	Genlisea
5667770	7ddf754f-d193-4cc9-b351-99906754a03b	3172450.0			Pinguicula greenwoodii Cheek	Cheek	Pinguicula greenwoodii	Pinguicula	greenwoodii		species		Cheek. (1994). In: Kew Bull. 49(4): 813.	accepted			Plantae	Tracheophyta	Magnoliopsida	Lamiales	Lentibulariaceae	Pinguicula
5667800	7ddf754f-d193-4cc9-b351-99906754a03b	3172450.0			Pinguicula cubensis Urquiola & Casper	Urquiola & Casper	Pinguicula cubensis	Pinguicula	cubensis		species		Urquiola, & Casper. (2003). In: Willdenowia 33(1): 170.	accepted			Plantae	Tracheophyta	Magnoliopsida	Lamiales	Lentibulariaceae	Pinguicula
5667862	7ddf754f-d193-4cc9-b351-99906754a03b	3172450.0			Pinguicula rotundiflora Studnicka	Studnicka	Pinguicula rotundiflora	Pinguicula	rotundiflora		species		Studnicka. (1985). In: Folia Geobot. Phytotax. 20(2): 201.	accepted			Plantae	Tracheophyta	Magnoliopsida	Lamiales	Lentibulariaceae	Pinguicula
5667766	7ddf754f-d193-4cc9-b351-99906754a03b	3172450.0			Pinguicula hemiepiphytica Zamudio & Rzed.	Zamudio & Rzed.	Pinguicula hemiepiphytica	Pinguicula	hemiepiphytica		species		Zamudio & Rzed. (1991). In: Acta Bot. Mex. 14: 24.	accepted			Plantae	Tracheophyta	Magnoliopsida	Lamiales	Lentibulariaceae	Pinguicula
5667954	046bbc50-cae2-47ff-aa43-729fbf53f7c5	3172450.0			Pinguicula involucrata A.DC., 1844	A.DC., 1844	Pinguicula involucrata	Pinguicula	involucrata		species		Prodr. [A. P. de Candolle] 8: 30, sphalm. 1844 [mid Mar 1844]	accepted			Plantae	Tracheophyta	Magnoliopsida	Lamiales	Lentibulariaceae	Pinguicula
4087976	7ddf754f-d193-4cc9-b351-99906754a03b	3172398.0			Utricularia steenisii P.Taylor	P.Taylor	Utricularia steenisii	Utricularia	steenisii		species		Taylor, P. (1986). In: Kew Bull. 41(1): 13.	accepted			Plantae	Tracheophyta	Magnoliopsida	Lamiales	Lentibulariaceae	Utricularia
7297846	7ddf754f-d193-4cc9-b351-99906754a03b	3172398.0			Utricularia reticulata Sm.	Sm.	Utricularia reticulata	Utricularia	reticulata		species		Sm. (1805). In: Exot. Bot. 2: 119. T. 119.	accepted			Plantae	Tracheophyta	Magnoliopsida	Lamiales	Lentibulariaceae	Utricularia
8871664	7ddf754f-d193-4cc9-b351-99906754a03b	3172398.0			Utricularia schultesii A.Fernández	A.Fernández	Utricularia schultesii	Utricularia	schultesii		species		Fernández, A. (1964). In: Caldasia 9: 39.	accepted			Plantae	Tracheophyta	Magnoliopsida	Lamiales	Lentibulariaceae	Utricularia
4087761	7ddf754f-d193-4cc9-b351-99906754a03b	3172398.0			Utricularia garrettii P.Taylor	P.Taylor	Utricularia garrettii	Utricularia	garrettii		species		Taylor, P. (1986). In: Kew Bull. 41(1): 13.	accepted			Plantae	Tracheophyta	Magnoliopsida	Lamiales	Lentibulariaceae	Utricularia
10745087	7ddf754f-d193-4cc9-b351-99906754a03b	3172398.0			Utricularia kamarudeenii V.S.A.Kumar & Sindu Arya	V.S.A.Kumar & Sindu Arya	Utricularia kamarudeenii	Utricularia	kamarudeenii		species		Kumar, V. S. A., & Sindu Arya. (2020). In: Phytotaxa 447(1): 71.	accepted			Plantae	Tracheophyta	Magnoliopsida	Lamiales	Lentibulariaceae	Utricularia
11200412	c33ce2f2-c3cc-43a5-a380-fe4526d63650	4894228.0			Utricularites protogaeus Massalongo, 1857	Massalongo, 1857	Utricularites protogaeus	Utricularites	protogaeus		species			accepted			Plantae	Tracheophyta	Magnoliopsida	Lamiales	Lentibulariaceae	Utricularites
3682152	046bbc50-cae2-47ff-aa43-729fbf53f7c5	7906922.0			Chionanthus intermedius Bedd.	Bedd.	Chionanthus intermedius	Chionanthus	intermedius		species		Fl. Sylv. S. India t. 239.	accepted			Plantae	Tracheophyta	Magnoliopsida	Lamiales	Oleaceae	Chionanthus
3682599	7ddf754f-d193-4cc9-b351-99906754a03b	7906922.0			Chionanthus decipiens P.S.Green	P.S.Green	Chionanthus decipiens	Chionanthus	decipiens		species		Kew Bull. 51: 766 (1996)	accepted			Plantae	Tracheophyta	Magnoliopsida	Lamiales	Oleaceae	Chionanthus
8392631	7ddf754f-d193-4cc9-b351-99906754a03b	7906922.0			Chionanthus luzonicus Blume	Blume	Chionanthus luzonicus	Chionanthus	luzonicus		species		Mus. Bot. 1: 319 (1851)	accepted			Plantae	Tracheophyta	Magnoliopsida	Lamiales	Oleaceae	Chionanthus
3172308	7ddf754f-d193-4cc9-b351-99906754a03b	7906922.0			Chionanthus compactus Sw.	Sw.	Chionanthus compactus	Chionanthus	compactus		species		Prodr. Veg. Ind. Occ.: 13 (1788)	accepted			Plantae	Tracheophyta	Magnoliopsida	Lamiales	Oleaceae	Chionanthus
3172318	7ddf754f-d193-4cc9-b351-99906754a03b	7906922.0			Chionanthus domingensis Lam.	Lam.	Chionanthus domingensis	Chionanthus	domingensis		species		Tabl. Encycl. 1: 30 (1791)	accepted			Plantae	Tracheophyta	Magnoliopsida	Lamiales	Oleaceae	Chionanthus
3172372	7ddf754f-d193-4cc9-b351-99906754a03b	3172323.0			Fraxinus greggii A.Gray	A.Gray	Fraxinus greggii	Fraxinus	greggii		species		Proc. Amer. Acad. Arts 12: 63 (1877)	accepted			Plantae	Tracheophyta	Magnoliopsida	Lamiales	Oleaceae	Fraxinus
3684179	7ddf754f-d193-4cc9-b351-99906754a03b	3172323.0			Fraxinus dimorpha Coss. & Durieu	Coss. & Durieu	Fraxinus dimorpha	Fraxinus	dimorpha		species		Bull. Soc. Bot. France 2: 367 (1855)	accepted			Plantae	Tracheophyta	Magnoliopsida	Lamiales	Oleaceae	Fraxinus
3683521	046bbc50-cae2-47ff-aa43-729fbf53f7c5	3172323.0			Fraxinus hispida hort. ex Lavallée, 1877	hort. ex Lavallée, 1877	Fraxinus hispida	Fraxinus	hispida		species		Énum. Arbres 167, nomen. 1877	accepted			Plantae	Tracheophyta	Magnoliopsida	Lamiales	Oleaceae	Fraxinus
8421379	046bbc50-cae2-47ff-aa43-729fbf53f7c5	3172323.0			Fraxinus novae-angliae Wangenh. ex DC., 1844	Wangenh. ex DC., 1844	Fraxinus novae-angliae	Fraxinus	novae-angliae		species		Prodr. [A. P. de Candolle] 8: 277. 1844 [mid Mar 1844]	accepted			Plantae	Tracheophyta	Magnoliopsida	Lamiales	Oleaceae	Fraxinus
3172347	7ddf754f-d193-4cc9-b351-99906754a03b	3172323.0			Fraxinus ornus L.	L.	Fraxinus ornus	Fraxinus	ornus		species		Sp. Pl.: 1057 (1753)	accepted			Plantae	Tracheophyta	Magnoliopsida	Lamiales	Oleaceae	Fraxinus
3682798	7ddf754f-d193-4cc9-b351-99906754a03b	3172260.0			Jasminum apoense Elmer	Elmer	Jasminum apoense	Jasminum	apoense		species		Leafl. Philipp. Bot. 8: 2791 (1915)	accepted			Plantae	Tracheophyta	Magnoliopsida	Lamiales	Oleaceae	Jasminum
12201261	7ddf754f-d193-4cc9-b351-99906754a03b	3172260.0			Jasminum shahii Kiew	Kiew	Jasminum shahii	Jasminum	shahii		species		Edinburgh J. Bot. 77: 369 (2020)	accepted			Plantae	Tracheophyta	Magnoliopsida	Lamiales	Oleaceae	Jasminum
3684233	7ddf754f-d193-4cc9-b351-99906754a03b	3172260.0			Jasminum wengeri C.E.C.Fisch.	C.E.C.Fisch.	Jasminum wengeri	Jasminum	wengeri		species		Bull. Misc. Inform. Kew 1931: 283 (1931)	accepted			Plantae	Tracheophyta	Magnoliopsida	Lamiales	Oleaceae	Jasminum
3684708	7ddf754f-d193-4cc9-b351-99906754a03b	3172260.0			Jasminum eberhardtii Gagnep.	Gagnep.	Jasminum eberhardtii	Jasminum	eberhardtii		species		H.Lecomte, Fl. Indo-Chine 3: 1051 (1933)	accepted			Plantae	Tracheophyta	Magnoliopsida	Lamiales	Oleaceae	Jasminum
10779713	7ddf754f-d193-4cc9-b351-99906754a03b	3172260.0			Jasminum peninsulare Kiew	Kiew	Jasminum peninsulare	Jasminum	peninsulare		species		Thai Forest Bull., Bot. 45: 1 (2017)	accepted			Plantae	Tracheophyta	Magnoliopsida	Lamiales	Oleaceae	Jasminum
3172300	7ddf754f-d193-4cc9-b351-99906754a03b	3172289.0			Ligustrum vulgare L.	L.	Ligustrum vulgare	Ligustrum	vulgare		species		Sp. Pl.: 7 (1753)	accepted			Plantae	Tracheophyta	Magnoliopsida	Lamiales	Oleaceae	Ligustrum
3172291	7ddf754f-d193-4cc9-b351-99906754a03b	3172289.0			Ligustrum ovalifolium Hassk.	Hassk.	Ligustrum ovalifolium	Ligustrum	ovalifolium		species		Cat. Hort. Bot. Bogor. Alt.: 119 (1844)	accepted			Plantae	Tracheophyta	Magnoliopsida	Lamiales	Oleaceae	Ligustrum
3683253	7ddf754f-d193-4cc9-b351-99906754a03b	3172289.0			Ligustrum henryi Hemsl.	Hemsl.	Ligustrum henryi	Ligustrum	henryi		species		J. Linn. Soc., Bot. 26: 90 (1889)	accepted			Plantae	Tracheophyta	Magnoliopsida	Lamiales	Oleaceae	Ligustrum
11117265	dbaa27eb-29e7-4cbb-8eab-3f689cfce116	3172289.0			Ligustrum sinensis Lour.	Lour.	Ligustrum sinensis	Ligustrum	sinensis		species			accepted			Plantae	Tracheophyta	Magnoliopsida	Lamiales	Oleaceae	Ligustrum
7861459	7ddf754f-d193-4cc9-b351-99906754a03b	3172289.0			Ligustrum guangdongense R.J.Wang & H.Z.Wen	R.J.Wang & H.Z.Wen	Ligustrum guangdongense	Ligustrum	guangdongense		species		Novon 22: 114 (2012)	accepted			Plantae	Tracheophyta	Magnoliopsida	Lamiales	Oleaceae	Ligustrum
3683597	7ddf754f-d193-4cc9-b351-99906754a03b	6432968.0			Noronhia myrtoides H.Perrier	H.Perrier	Noronhia myrtoides	Noronhia	myrtoides		species		Mém. Inst. Sci. Madagascar, Sér. B, Biol. Vég. 2: 303 (1949 publ. 1950)	accepted			Plantae	Tracheophyta	Magnoliopsida	Lamiales	Oleaceae	Noronhia
10801779	7ddf754f-d193-4cc9-b351-99906754a03b	6432968.0			Noronhia perrieriana Hong-Wa	Hong-Wa	Noronhia perrieriana	Noronhia	perrieriana		species		Boissiera 70: 207 (2016)	accepted			Plantae	Tracheophyta	Magnoliopsida	Lamiales	Oleaceae	Noronhia
10786965	7ddf754f-d193-4cc9-b351-99906754a03b	6432968.0			Noronhia clarinerva Hong-Wa	Hong-Wa	Noronhia clarinerva	Noronhia	clarinerva		species		Boissiera 70: 69 (2016)	accepted			Plantae	Tracheophyta	Magnoliopsida	Lamiales	Oleaceae	Noronhia
10838067	7ddf754f-d193-4cc9-b351-99906754a03b	6432968.0			Noronhia retusifolia Hong-Wa	Hong-Wa	Noronhia retusifolia	Noronhia	retusifolia		species		Boissiera 70: 226 (2016)	accepted			Plantae	Tracheophyta	Magnoliopsida	Lamiales	Oleaceae	Noronhia
3683622	7ddf754f-d193-4cc9-b351-99906754a03b	6432968.0			Noronhia longipedicellata H.Perrier	H.Perrier	Noronhia longipedicellata	Noronhia	longipedicellata		species		Mém. Inst. Sci. Madagascar, Sér. B, Biol. Vég. 2: 300 (1949 publ. 1950)	accepted			Plantae	Tracheophyta	Magnoliopsida	Lamiales	Oleaceae	Noronhia
5549503	7ddf754f-d193-4cc9-b351-99906754a03b	3172244.0			Olea capitellata Ridl.	Ridl.	Olea capitellata	Olea	capitellata		species		J. Linn. Soc., Bot. 38: 317 (1908)	accepted			Plantae	Tracheophyta	Magnoliopsida	Lamiales	Oleaceae	Olea
5549909	046bbc50-cae2-47ff-aa43-729fbf53f7c5	3172244.0			Olea lindleyi Wall., 1832	Wall., 1832	Olea lindleyi	Olea	lindleyi		species		Numer. List [Wallich] n. 6305. 1832	accepted			Plantae	Tracheophyta	Magnoliopsida	Lamiales	Oleaceae	Olea
5549906	046bbc50-cae2-47ff-aa43-729fbf53f7c5	3172244.0			Olea listeriana Sim ex Listor	Sim ex Listor	Olea listeriana	Olea	listeriana		species		Rep. Conserv. For. Cape 1897, 98, nomen.	accepted			Plantae	Tracheophyta	Magnoliopsida	Lamiales	Oleaceae	Olea
5549786	046bbc50-cae2-47ff-aa43-729fbf53f7c5	3172244.0			Olea rosea Craib ex Hosseus, 1911	Craib ex Hosseus, 1911	Olea rosea	Olea	rosea		species		Beih. Bot. Centralbl., Abt. 2. 28(2): 425. 1911	accepted			Plantae	Tracheophyta	Magnoliopsida	Lamiales	Oleaceae	Olea
5549555	046bbc50-cae2-47ff-aa43-729fbf53f7c5	3172244.0			Olea acuminata Wall., 1831	Wall., 1831	Olea acuminata	Olea	acuminata		species		Numer. List [Wallich] n. 2809. 1831	accepted			Plantae	Tracheophyta	Magnoliopsida	Lamiales	Oleaceae	Olea
8224507	046bbc50-cae2-47ff-aa43-729fbf53f7c5	3172275.0			Osmanthus megacarpus Small, 1933	Small, 1933	Osmanthus megacarpus	Osmanthus	megacarpus		species		Man. S.E. Fl. [Small] 1043. 1933 [30 Nov 1933]	accepted			Plantae	Tracheophyta	Magnoliopsida	Lamiales	Oleaceae	Osmanthus
3683570	7ddf754f-d193-4cc9-b351-99906754a03b	3172275.0			Osmanthus enervius Masam. & T.Mori	Masam. & T.Mori	Osmanthus enervius	Osmanthus	enervius		species		J. Jap. Bot. 15: 548 (1939)	accepted			Plantae	Tracheophyta	Magnoliopsida	Lamiales	Oleaceae	Osmanthus
7326088	7ddf754f-d193-4cc9-b351-99906754a03b	3172275.0			Osmanthus armatus Diels	Diels	Osmanthus armatus	Osmanthus	armatus		species		Bot. Jahrb. Syst. 29: 532 (1900)	accepted			Plantae	Tracheophyta	Magnoliopsida	Lamiales	Oleaceae	Osmanthus
3683331	7ddf754f-d193-4cc9-b351-99906754a03b	3172275.0			Osmanthus iriomotensis T.Yamaz.	T.Yamaz.	Osmanthus iriomotensis	Osmanthus	iriomotensis		species		J. Jap. Bot. 69: 224 (1994)	accepted			Plantae	Tracheophyta	Magnoliopsida	Lamiales	Oleaceae	Osmanthus
7326029	7ddf754f-d193-4cc9-b351-99906754a03b	3172275.0			Osmanthus insularis Koidz.	Koidz.	Osmanthus insularis	Osmanthus	insularis		species		Bot. Mag. (Tokyo) 28: 150 (1914)	accepted			Plantae	Tracheophyta	Magnoliopsida	Lamiales	Oleaceae	Osmanthus
5549710	046bbc50-cae2-47ff-aa43-729fbf53f7c5	3172235.0			Syringa giraldi hort. ex Bellair	hort. ex Bellair	Syringa giraldi	Syringa	giraldi		species		Rev. Hort. [Paris]. lxxxi. 335 (1909).	accepted			Plantae	Tracheophyta	Magnoliopsida	Lamiales	Oleaceae	Syringa
5549605	046bbc50-cae2-47ff-aa43-729fbf53f7c5	3172235.0			Syringa saugeana hort. ex Dippel	hort. ex Dippel	Syringa saugeana	Syringa	saugeana		species		Handb. Laubholzk. i. (1889) 114.	accepted			Plantae	Tracheophyta	Magnoliopsida	Lamiales	Oleaceae	Syringa
6433201	7ddf754f-d193-4cc9-b351-99906754a03b	3172235.0			Syringa komarowii C.K.Schneid.	C.K.Schneid.	Syringa komarowii	Syringa	komarowii		species		Repert. Spec. Nov. Regni Veg. 9: 82 (1910)	accepted			Plantae	Tracheophyta	Magnoliopsida	Lamiales	Oleaceae	Syringa
5415036	7ddf754f-d193-4cc9-b351-99906754a03b	3172235.0			Syringa persica L.	L.	Syringa persica	Syringa	persica		species		Sp. Pl.: 9 (1753)	accepted			Plantae	Tracheophyta	Magnoliopsida	Lamiales	Oleaceae	Syringa
6433171	7ddf754f-d193-4cc9-b351-99906754a03b	3172235.0			Syringa oblata Lindl.	Lindl.	Syringa oblata	Syringa	oblata		species		Gard. Chron. 1859: 868 (1859)	accepted			Plantae	Tracheophyta	Magnoliopsida	Lamiales	Oleaceae	Syringa
3727460	7ddf754f-d193-4cc9-b351-99906754a03b	3171192.0			Agalinis chaparensis Barringer	Barringer	Agalinis chaparensis	Agalinis	chaparensis		species		Barringer. (1985). In: Brittonia 37(4): 352.	accepted			Plantae	Tracheophyta	Magnoliopsida	Lamiales	Orobanchaceae	Agalinis
3171290	7ddf754f-d193-4cc9-b351-99906754a03b	3171192.0			Agalinis obtusifolia Raf.	Raf.	Agalinis obtusifolia	Agalinis	obtusifolia		species		Raf. (1836). In: New Fl. Am. 2: 64.	accepted			Plantae	Tracheophyta	Magnoliopsida	Lamiales	Orobanchaceae	Agalinis
3726575	7ddf754f-d193-4cc9-b351-99906754a03b	3171192.0			Agalinis pennellii Barringer	Barringer	Agalinis pennellii	Agalinis	pennellii		species		Barringer. (1985). In: Brittonia 37(4): 352.	accepted			Plantae	Tracheophyta	Magnoliopsida	Lamiales	Orobanchaceae	Agalinis
3726982	7ddf754f-d193-4cc9-b351-99906754a03b	3171192.0			Agalinis kingsii Proctor	Proctor	Agalinis kingsii	Agalinis	kingsii		species		Proctor. (1977). In: Sloanea 1: 3.	accepted			Plantae	Tracheophyta	Magnoliopsida	Lamiales	Orobanchaceae	Agalinis
3727009	7ddf754f-d193-4cc9-b351-99906754a03b	3171192.0			Agalinis itambensis V.C.Souza & S.I.Elías	V.C.Souza & S.I.Elías	Agalinis itambensis	Agalinis	itambensis		species		Souza, V. C., & Elías, S. I. (2001). In: Novon 11(4): 484.	accepted			Plantae	Tracheophyta	Magnoliopsida	Lamiales	Orobanchaceae	Agalinis
8321939	7ddf754f-d193-4cc9-b351-99906754a03b	3172224.0			Buchnera subglabra Philcox	Philcox	Buchnera subglabra	Buchnera	subglabra		species		Philcox. (1987). In: Kew Bull. 42(1): 208.	accepted			Plantae	Tracheophyta	Magnoliopsida	Lamiales	Orobanchaceae	Buchnera
7762475	7ddf754f-d193-4cc9-b351-99906754a03b	3172224.0			Buchnera pulcherrima R.E.Fr.	R.E.Fr.	Buchnera pulcherrima	Buchnera	pulcherrima		species		R. E. Fr. (1916). In: Wiss. Ergebn. Schwed. Rhod.-Kongo-Exped. 1911-12 1: 293.	accepted			Plantae	Tracheophyta	Magnoliopsida	Lamiales	Orobanchaceae	Buchnera
8334657	7ddf754f-d193-4cc9-b351-99906754a03b	3172224.0			Buchnera retrorsa Philcox	Philcox	Buchnera retrorsa	Buchnera	retrorsa		species		Philcox. (1965). In: Kew Bull. 18: 279.	accepted			Plantae	Tracheophyta	Magnoliopsida	Lamiales	Orobanchaceae	Buchnera
7871696	7ddf754f-d193-4cc9-b351-99906754a03b	3172224.0			Buchnera chisumpae Philcox	Philcox	Buchnera chisumpae	Buchnera	chisumpae		species		Philcox. (1987). In: Kew Bull. 42(2): 384.	accepted			Plantae	Tracheophyta	Magnoliopsida	Lamiales	Orobanchaceae	Buchnera
8429340	7ddf754f-d193-4cc9-b351-99906754a03b	3172224.0			Buchnera tetragona R.Br.	R.Br.	Buchnera tetragona	Buchnera	tetragona		species		R. Br. (1810). In: Prodr. Fl. Nov. Holland. 437.	accepted			Plantae	Tracheophyta	Magnoliopsida	Lamiales	Orobanchaceae	Buchnera
3735918	7ddf754f-d193-4cc9-b351-99906754a03b	3170565.0			Castilleja papilionacea G.L.Nesom	G.L.Nesom	Castilleja papilionacea	Castilleja	papilionacea		species		Nesom, G. L. (1992). In: Phytologia 73(5): 385.	accepted			Plantae	Tracheophyta	Magnoliopsida	Lamiales	Orobanchaceae	Castilleja
3170596	7ddf754f-d193-4cc9-b351-99906754a03b	3170565.0			Castilleja oresbia Greenm.	Greenm.	Castilleja oresbia	Castilleja	oresbia		species		Greenm. (1909). In: Coult. Bot. Gaz. 48: 147.	accepted			Plantae	Tracheophyta	Magnoliopsida	Lamiales	Orobanchaceae	Castilleja
3737660	7ddf754f-d193-4cc9-b351-99906754a03b	3170565.0			Castilleja galehintoniae G.L.Nesom	G.L.Nesom	Castilleja galehintoniae	Castilleja	galehintoniae		species		Nesom, G. L. (1992). In: Phytologia 72(3): 246.	accepted			Plantae	Tracheophyta	Magnoliopsida	Lamiales	Orobanchaceae	Castilleja
3170611	7ddf754f-d193-4cc9-b351-99906754a03b	3170565.0			Castilleja raupii Pennell	Pennell	Castilleja raupii	Castilleja	raupii		species		Pennell. (1934). In: Proc. Acad. Nat. Sci. Philad. 86: 528.	accepted			Plantae	Tracheophyta	Magnoliopsida	Lamiales	Orobanchaceae	Castilleja
3736963	7ddf754f-d193-4cc9-b351-99906754a03b	3170565.0			Castilleja lebgueana G.L.Nesom	G.L.Nesom	Castilleja lebgueana	Castilleja	lebgueana		species		Nesom, G. L. (1994). In: Phytologia 76(5): 406.	accepted			Plantae	Tracheophyta	Magnoliopsida	Lamiales	Orobanchaceae	Castilleja
3737733	7ddf754f-d193-4cc9-b351-99906754a03b	3171955.0			Euphrasia microcarpa Pennell	Pennell	Euphrasia microcarpa	Euphrasia	microcarpa		species		Pennell. (1943). In: Scroph. W. Himal. (Acad. Nat. Sci. Philad., Monogr. 5) 108.	accepted			Plantae	Tracheophyta	Magnoliopsida	Lamiales	Orobanchaceae	Euphrasia
3731062	7ddf754f-d193-4cc9-b351-99906754a03b	3171955.0			Euphrasia alba Pennell	Pennell	Euphrasia alba	Euphrasia	alba		species		Pennell. (1943). In: Scroph. W. Himal. (Acad. Nat. Sci. Philad., Monogr. 5) 107.	accepted			Plantae	Tracheophyta	Magnoliopsida	Lamiales	Orobanchaceae	Euphrasia
3738818	046bbc50-cae2-47ff-aa43-729fbf53f7c5	3171955.0			Euphrasia geminata Sennen, 1927	Sennen, 1927	Euphrasia geminata	Euphrasia	geminata		species		Bull. Soc. Bot. France 74: 392, nomen. 1927	accepted			Plantae	Tracheophyta	Magnoliopsida	Lamiales	Orobanchaceae	Euphrasia
3737131	7ddf754f-d193-4cc9-b351-99906754a03b	3171955.0			Euphrasia philippinensis Du Rietz	Du Rietz	Euphrasia philippinensis	Euphrasia	philippinensis		species		Du Rietz. (n.d.). In: Svensk Bot. Tidskr. 25: 502, 508 (1931 Publ. 1932).	accepted			Plantae	Tracheophyta	Magnoliopsida	Lamiales	Orobanchaceae	Euphrasia
7411449	7ddf754f-d193-4cc9-b351-99906754a03b	3171955.0			Euphrasia ×areschougii Wettst.	Wettst.	Euphrasia areschougii	Euphrasia	areschougii		species		Wettst. (1896). In: Monogr. Euphrasia: 289.	accepted			Plantae	Tracheophyta	Magnoliopsida	Lamiales	Orobanchaceae	Euphrasia
3732808	046bbc50-cae2-47ff-aa43-729fbf53f7c5	3173259.0			Orobanche kopsiopsis Beck	Beck	Orobanche kopsiopsis	Orobanche	kopsiopsis		species			accepted			Plantae	Tracheophyta	Magnoliopsida	Lamiales	Orobanchaceae	Orobanche
7332472	7ddf754f-d193-4cc9-b351-99906754a03b	3173259.0			Orobanche haenseleri Reut.	Reut.	Orobanche haenseleri	Orobanche	haenseleri		species		Reut. (1847). In: A. DC., Prodr. 11: 22.	accepted			Plantae	Tracheophyta	Magnoliopsida	Lamiales	Orobanchaceae	Orobanche
4933327	7ddf754f-d193-4cc9-b351-99906754a03b	3173259.0			Orobanche hadroantha Beck	Beck	Orobanche hadroantha	Orobanche	hadroantha		species		Beck. (1890). In: Biblioth. Bot. 4(19): 242.	accepted			Plantae	Tracheophyta	Magnoliopsida	Lamiales	Orobanchaceae	Orobanche
3731890	046bbc50-cae2-47ff-aa43-729fbf53f7c5	3173259.0			Orobanche ozanonis F.W.Schultz	F.W.Schultz	Orobanche ozanonis	Orobanche	ozanonis		species		Arch. Fl. Fr. 358 (1866).	accepted			Plantae	Tracheophyta	Magnoliopsida	Lamiales	Orobanchaceae	Orobanche
3731135	7ddf754f-d193-4cc9-b351-99906754a03b	3173259.0			Orobanche santolinae Loscos & Pardo	Loscos & Pardo	Orobanche santolinae	Orobanche	santolinae		species		Loscos, & Pardo. (1863). In: Ser. Inconf. Pl. Aragon.: 79.	accepted			Plantae	Tracheophyta	Magnoliopsida	Lamiales	Orobanchaceae	Orobanche
3171685	7ddf754f-d193-4cc9-b351-99906754a03b	3171670.0			Pedicularis attollens A.Gray	A.Gray	Pedicularis attollens	Pedicularis	attollens		species		Proc. Amer. Acad. Arts 7: 384 (1868)	accepted			Plantae	Tracheophyta	Magnoliopsida	Lamiales	Orobanchaceae	Pedicularis
3725146	7ddf754f-d193-4cc9-b351-99906754a03b	3171670.0			Pedicularis corydaloides Hand.-Mazz.	Hand.-Mazz.	Pedicularis corydaloides	Pedicularis	corydaloides		species		Hand.-Mazz. (1936). In: Symb. Sin. 7(4): 851-852.	accepted			Plantae	Tracheophyta	Magnoliopsida	Lamiales	Orobanchaceae	Pedicularis
9458275	7ddf754f-d193-4cc9-b351-99906754a03b	3171670.0			Pedicularis interrupta Steph. ex Steven	Steph. ex Steven	Pedicularis interrupta	Pedicularis	interrupta		species			accepted			Plantae	Tracheophyta	Magnoliopsida	Lamiales	Orobanchaceae	Pedicularis
7333195	7ddf754f-d193-4cc9-b351-99906754a03b	3171670.0			Pedicularis pantlingii Prain	Prain	Pedicularis pantlingii	Pedicularis	pantlingii		species		J. Asiat. Soc. Bengal, Pt. 2, Nat. Hist. 58: 273 (1889)	accepted			Plantae	Tracheophyta	Magnoliopsida	Lamiales	Orobanchaceae	Pedicularis
3723740	7ddf754f-d193-4cc9-b351-99906754a03b	3171670.0			Pedicularis graeca Bunge	Bunge	Pedicularis graeca	Pedicularis	graeca		species		Bunge. (1843). In: Bull. Sci. Acad. Imp. Sci. Pétersb. 1: 376.	accepted			Plantae	Tracheophyta	Magnoliopsida	Lamiales	Orobanchaceae	Pedicularis
12253528	7ddf754f-d193-4cc9-b351-99906754a03b	3728101.0			Phelipanche pouyanii Joharchi & Vaezi	Joharchi & Vaezi	Phelipanche pouyanii	Phelipanche	pouyanii		species		Joharchi, & Vaezi. (2021). In: Nova Biol. Reperta 7(4): 462.	accepted			Plantae	Tracheophyta	Magnoliopsida	Lamiales	Orobanchaceae	Phelipanche
3729272	7ddf754f-d193-4cc9-b351-99906754a03b	3728101.0			Phelipanche aedoi Carlón, G.Gómez, M.Laínz, Moreno Mor., Ó.Sánchez & Schneew.	Carlón, G.Gómez, M.Laínz, Moreno Mor., Ó.Sánchez & Schneew.	Phelipanche aedoi	Phelipanche	aedoi		species		Carlón, G. Gómez, M. Laínz, Moreno Mor., Ó. Sánchez & Schneew. (2008). In: Doc. Jard. Bot. Atlántico 6: 60.	accepted			Plantae	Tracheophyta	Magnoliopsida	Lamiales	Orobanchaceae	Phelipanche
9407438	7ddf754f-d193-4cc9-b351-99906754a03b	3728101.0			Phelipanche sevanensis Piwow., Ó.Sánchez & Moreno Mor.	Piwow., Ó.Sánchez & Moreno Mor.	Phelipanche sevanensis	Phelipanche	sevanensis		species		Piwow., Ó. Sánchez & Moreno Mor. (2017). In: Phytotaxa 292(3): 232.	accepted			Plantae	Tracheophyta	Magnoliopsida	Lamiales	Orobanchaceae	Phelipanche
8259397	7ddf754f-d193-4cc9-b351-99906754a03b	3728101.0			Phelipanche lainzii Gómez Nav., Roselló, Peris, A.Valdés & Sanchis	Gómez Nav., Roselló, Peris, A.Valdés & Sanchis	Phelipanche lainzii	Phelipanche	lainzii		species		Gómez Nav., Roselló, Peris, A. Valdés & Sanchis. (2012). In: Flora Montiber. 50: 17.	accepted			Plantae	Tracheophyta	Magnoliopsida	Lamiales	Orobanchaceae	Phelipanche
3729169	046bbc50-cae2-47ff-aa43-729fbf53f7c5	3728101.0			Phelipanche coerulea Pomel, 1874	Pomel, 1874	Phelipanche coerulea	Phelipanche	coerulea		species		Nouv. Mat. Fl. Atl. 1: 103. 1874 [post 10 Mar 1874] ; alt. bibliogr.: Bull. Soc. Sci. Phys. Algérie 11: 103. 1874	accepted			Plantae	Tracheophyta	Magnoliopsida	Lamiales	Orobanchaceae	Phelipanche
3729176	7ddf754f-d193-4cc9-b351-99906754a03b	3171157.0			Striga passargei Engl.	Engl.	Striga passargei	Striga	passargei		species		Engl. (1897). In: Bot. Jahrb. Syst. 23: 515, T. 12, Ff. M & N.	accepted			Plantae	Tracheophyta	Magnoliopsida	Lamiales	Orobanchaceae	Striga
3729583	7ddf754f-d193-4cc9-b351-99906754a03b	3171157.0			Striga alba Pennell	Pennell	Striga alba	Striga	alba		species		Pennell. (1943). In: J. Arnold Arbor. 24: 264.	accepted			Plantae	Tracheophyta	Magnoliopsida	Lamiales	Orobanchaceae	Striga
3729478	7ddf754f-d193-4cc9-b351-99906754a03b	3171157.0			Striga chrysantha A.Raynal	A.Raynal	Striga chrysantha	Striga	chrysantha		species		Raynal, A. (1969). In: Bull. Jard. Bot. Nat. Belg. 39: 378.	accepted			Plantae	Tracheophyta	Magnoliopsida	Lamiales	Orobanchaceae	Striga
3729412	7ddf754f-d193-4cc9-b351-99906754a03b	3171157.0			Striga ellenbergeri A.Raynal	A.Raynal	Striga ellenbergeri	Striga	ellenbergeri		species		Raynal, A. (n.d.). In: Bull. Mus. Nation. Hist. Nat., B, Adansonia, Ser. 4, 11(4): 351 (1989 Publ. 1990).	accepted			Plantae	Tracheophyta	Magnoliopsida	Lamiales	Orobanchaceae	Striga
7931772	7ddf754f-d193-4cc9-b351-99906754a03b	3171157.0			Striga kamalii Omalsree, K.M.P.Kumar, M.Sabu & Sunojk.	Omalsree, K.M.P.Kumar, M.Sabu & Sunojk.	Striga kamalii	Striga	kamalii		species		Omalsree, K. M. P. Kumar, M. Sabu & Sunojk. (2015). In: Phytotaxa 212(2): 166.	accepted			Plantae	Tracheophyta	Magnoliopsida	Lamiales	Orobanchaceae	Striga
3739427	046bbc50-cae2-47ff-aa43-729fbf53f7c5	3172000.0			Antirrhinum rosmarinifolium Noronha, 1790	Noronha, 1790	Antirrhinum rosmarinifolium	Antirrhinum	rosmarinifolium		species		Verh. Batav. Genootsch. Kunst. 5(Art. 4): 6. 1790	accepted			Plantae	Tracheophyta	Magnoliopsida	Lamiales	Plantaginaceae	Antirrhinum
3739377	046bbc50-cae2-47ff-aa43-729fbf53f7c5	3172000.0			Antirrhinum sabulosum L. ex B.D.Jacks.	L. ex B.D.Jacks.	Antirrhinum sabulosum	Antirrhinum	sabulosum		species		Index Linn. Herb. 36 (1912), nomen.	accepted			Plantae	Tracheophyta	Magnoliopsida	Lamiales	Plantaginaceae	Antirrhinum
3740180	046bbc50-cae2-47ff-aa43-729fbf53f7c5	3172000.0			Antirrhinum littorale Bernh., 1815	Bernh., 1815	Antirrhinum littorale	Antirrhinum	littorale		species		Fl. Franc. [de Candolle & Lamarck], ed. 3. 6: 410. 1815 ; Poir. Encyc. Suppl. 4: 20	accepted			Plantae	Tracheophyta	Magnoliopsida	Lamiales	Plantaginaceae	Antirrhinum
3740524	7ddf754f-d193-4cc9-b351-99906754a03b	3172000.0			Antirrhinum grosii Font Quer	Font Quer	Antirrhinum grosii	Antirrhinum	grosii		species		Font Quer. (1925). In: Bol. Soc. Esp. Hist. Nat. 25: 268.	accepted			Plantae	Tracheophyta	Magnoliopsida	Lamiales	Plantaginaceae	Antirrhinum
3741543	7ddf754f-d193-4cc9-b351-99906754a03b	3172000.0			Antirrhinum ×albanchezii Mateu	Mateu	Antirrhinum albanchezii	Antirrhinum	albanchezii		species		Mateu. (2003). In: Acta Bot. Gallica 150: 423.	accepted			Plantae	Tracheophyta	Magnoliopsida	Lamiales	Plantaginaceae	Antirrhinum
3731273	7ddf754f-d193-4cc9-b351-99906754a03b	3171166.0			Bacopa congesta Chodat & Hassl.	Chodat & Hassl.	Bacopa congesta	Bacopa	congesta		species		Chodat & Hassl. (1904). In: Bull. Herb. Boissier Ser. II. 4: 289.	accepted			Plantae	Tracheophyta	Magnoliopsida	Lamiales	Plantaginaceae	Bacopa
3736213	7ddf754f-d193-4cc9-b351-99906754a03b	3171166.0			Bacopa pennellii G.M.Barroso & Ichaso	G.M.Barroso & Ichaso	Bacopa pennellii	Bacopa	pennellii		species		Barroso, G. M., & Ichaso. (1974). In: Rodriguesia, 27(39): 95.	accepted			Plantae	Tracheophyta	Magnoliopsida	Lamiales	Plantaginaceae	Bacopa
7516172	bae5856f-da10-4333-90a0-5a2135361b30	3171166.0			Bacopa harmandii (Bonati)	(Bonati)	Bacopa harmandii	Bacopa	harmandii		species			accepted			Plantae	Tracheophyta	Magnoliopsida	Lamiales	Plantaginaceae	Bacopa
8140491	7ddf754f-d193-4cc9-b351-99906754a03b	3171166.0			Bacopa punctata Engl.	Engl.	Bacopa punctata	Bacopa	punctata		species		Engl. (1896). In: Bot. Jahrb. Syst. 23: 499.	accepted			Plantae	Tracheophyta	Magnoliopsida	Lamiales	Plantaginaceae	Bacopa
7729540	d9a4eedb-e985-4456-ad46-3df8472e00e8	3171166.0			Bacopa valeroi Standl. & L.O.Williams	Standl. & L.O.Williams	Bacopa valeroi	Bacopa	valeroi		species		Ceiba, 1: 163, 1950	accepted			Plantae	Tracheophyta	Magnoliopsida	Lamiales	Plantaginaceae	Bacopa
7575471	7ddf754f-d193-4cc9-b351-99906754a03b	3039547.0			Callitriche compressa N.E.Br.	N.E.Br.	Callitriche compressa	Callitriche	compressa		species		N. E. Br. (1912). In: Bull. Misc. Inform. Kew 1912: 276.	accepted			Plantae	Tracheophyta	Magnoliopsida	Lamiales	Plantaginaceae	Callitriche
8247050	7ddf754f-d193-4cc9-b351-99906754a03b	3039547.0			Callitriche raveniana Lansdown	Lansdown	Callitriche raveniana	Callitriche	raveniana		species		Lansdown. (2006). In: Novon 16(3): 360.	accepted			Plantae	Tracheophyta	Magnoliopsida	Lamiales	Plantaginaceae	Callitriche
7378870	bae5856f-da10-4333-90a0-5a2135361b30	3039547.0			Callitriche mexicana M.E.Jones	M.E.Jones	Callitriche mexicana	Callitriche	mexicana		species		Contr. W. Bot. 15: 124. 1929 [6 Jun 1929] Description incomplete	accepted			Plantae	Tracheophyta	Magnoliopsida	Lamiales	Plantaginaceae	Callitriche
7827867	046bbc50-cae2-47ff-aa43-729fbf53f7c5	3039547.0			Callitriche reflexa Lange	Lange	Callitriche reflexa	Callitriche	reflexa		species		in Cutanda, Fl. Matrit. 292.	accepted			Plantae	Tracheophyta	Magnoliopsida	Lamiales	Plantaginaceae	Callitriche
11932442	7ddf754f-d193-4cc9-b351-99906754a03b	3039547.0			Callitriche schotsmaniana Lansdown & Hassemer	Lansdown & Hassemer	Callitriche schotsmaniana	Callitriche	schotsmaniana		species		Lansdown, & Hassemer. (2021). In: Phytotaxa 501(1): 109.	accepted			Plantae	Tracheophyta	Magnoliopsida	Lamiales	Plantaginaceae	Callitriche
8081120	7ddf754f-d193-4cc9-b351-99906754a03b	3172158.0			Limnophila glandulifera Philcox	Philcox	Limnophila glandulifera	Limnophila	glandulifera		species		Philcox. (1967). In: Kew Bull. 21: 157.	accepted			Plantae	Tracheophyta	Magnoliopsida	Lamiales	Plantaginaceae	Limnophila
7868797	7ddf754f-d193-4cc9-b351-99906754a03b	3172158.0			Limnophila brownii Wannan	Wannan	Limnophila brownii	Limnophila	brownii		species		Wannan. (1986). In: Taxon 35(3): 597.	accepted			Plantae	Tracheophyta	Magnoliopsida	Lamiales	Plantaginaceae	Limnophila
8288443	046bbc50-cae2-47ff-aa43-729fbf53f7c5	3172158.0			Limnophila javanica A.DC., 1846	A.DC., 1846	Limnophila javanica	Limnophila	javanica		species		Prodr. [A. P. de Candolle] 10: 594. 1846 [8 Apr 1846]	accepted		Possible variant of Limnophila javanica Benth.	Plantae	Tracheophyta	Magnoliopsida	Lamiales	Plantaginaceae	Limnophila
7572731	7ddf754f-d193-4cc9-b351-99906754a03b	3172158.0			Limnophila tillaeoides Hook.fil.	Hook.fil.	Limnophila tillaeoides	Limnophila	tillaeoides		species		Hook. fil. (1884). In: Fl. Brit. Ind. 4: 270.	accepted			Plantae	Tracheophyta	Magnoliopsida	Lamiales	Plantaginaceae	Limnophila
8370084	7ddf754f-d193-4cc9-b351-99906754a03b	3172158.0			Limnophila villosa Blume	Blume	Limnophila villosa	Limnophila	villosa		species		Blume. (1826). In: Bijdr. Fl. Ned. Ind. 750.	accepted			Plantae	Tracheophyta	Magnoliopsida	Lamiales	Plantaginaceae	Limnophila
7665415	7ddf754f-d193-4cc9-b351-99906754a03b	3172168.0			Linaria melampyroides Kuprian.	Kuprian.	Linaria melampyroides	Linaria	melampyroides		species		Kuprian. (1950). In: Acta Inst. Bot. Acad. Sci. URSS, Ser. 1, Fasc. 9, 68.	accepted			Plantae	Tracheophyta	Magnoliopsida	Lamiales	Plantaginaceae	Linaria
7427619	7ddf754f-d193-4cc9-b351-99906754a03b	3172168.0			Linaria melanogramma Rech.fil., Aellen & Esfand.	Rech.fil., Aellen & Esfand.	Linaria melanogramma	Linaria	melanogramma		species		Rech. fil., Aellen & Esfand. (1950). In: Anz. Österr. Akad. Wiss., Math.-Naturwiss. Kl. 87: 90.	accepted			Plantae	Tracheophyta	Magnoliopsida	Lamiales	Plantaginaceae	Linaria
7591798	7ddf754f-d193-4cc9-b351-99906754a03b	3172168.0			Linaria depauperata Leresche ex Lange	Leresche ex Lange	Linaria depauperata	Linaria	depauperata		species		M.Willkomm & J.M.C.Lange, Prodr. Fl. Hispan. 2: 569 (1870)	accepted			Plantae	Tracheophyta	Magnoliopsida	Lamiales	Plantaginaceae	Linaria
8163557	7ddf754f-d193-4cc9-b351-99906754a03b	3172168.0			Linaria paradoxa Murb.	Murb.	Linaria paradoxa	Linaria	paradoxa		species		Murb. (1898). In: Act. Univ. Lund. 34: Afd. II. No. 7 19.	accepted			Plantae	Tracheophyta	Magnoliopsida	Lamiales	Plantaginaceae	Linaria
8088111	046bbc50-cae2-47ff-aa43-729fbf53f7c5	3172168.0			Linaria aphylla F.Dietr.	F.Dietr.	Linaria aphylla	Linaria	aphylla		species		Nachtr. Vollst. Lex. Gärtn. 4: 396. 1818; Steud. Nom. ed. I. 482; Spreng. Syst. ii. 797.	accepted			Plantae	Tracheophyta	Magnoliopsida	Lamiales	Plantaginaceae	Linaria
3171329	7ddf754f-d193-4cc9-b351-99906754a03b	3171306.0			Penstemon ×dubius Davidson	Davidson	Penstemon dubius	Penstemon	dubius		species		Davidson. (1929). In: Bull. S. Calif. Acad. Sci. 28: 6.	accepted			Plantae	Tracheophyta	Magnoliopsida	Lamiales	Plantaginaceae	Penstemon
3171380	7ddf754f-d193-4cc9-b351-99906754a03b	3171306.0			Penstemon calycosus Small	Small	Penstemon calycosus	Penstemon	calycosus		species		Small. (1898). In: Bull. Torr. Bot. Club, 470.	accepted			Plantae	Tracheophyta	Magnoliopsida	Lamiales	Plantaginaceae	Penstemon
3171373	7ddf754f-d193-4cc9-b351-99906754a03b	3171306.0			Penstemon grinnellii Eastw.	Eastw.	Penstemon grinnellii	Penstemon	grinnellii		species		Eastw. (1905). In: Bull. Torr. Bot. Club, 207.	accepted			Plantae	Tracheophyta	Magnoliopsida	Lamiales	Plantaginaceae	Penstemon
3171350	7ddf754f-d193-4cc9-b351-99906754a03b	3171306.0			Penstemon anguineus Eastw.	Eastw.	Penstemon anguineus	Penstemon	anguineus		species		Eastw. (1905). In: Bull. Torr. Bot. Club, 208.	accepted			Plantae	Tracheophyta	Magnoliopsida	Lamiales	Plantaginaceae	Penstemon
3171433	7ddf754f-d193-4cc9-b351-99906754a03b	3171306.0			Penstemon paysoniorum D.D.Keck	D.D.Keck	Penstemon paysoniorum	Penstemon	paysoniorum		species		Keck, D. D. (1947). In: Leafl. West. Bot. 5: 57.	accepted			Plantae	Tracheophyta	Magnoliopsida	Lamiales	Plantaginaceae	Penstemon
4156406	7ddf754f-d193-4cc9-b351-99906754a03b	3189695.0			Plantago floccosa Decne.	Decne.	Plantago floccosa	Plantago	floccosa		species		Decne. (1852). In: Prodr. [A. DC.] 13: I. 723.	accepted			Plantae	Tracheophyta	Magnoliopsida	Lamiales	Plantaginaceae	Plantago
4155968	7ddf754f-d193-4cc9-b351-99906754a03b	3189695.0			Plantago gunnii Hook.fil.	Hook.fil.	Plantago gunnii	Plantago	gunnii		species		Hook. fil. (1846). In: Hook. Lond. J. Bot. 5: 446.	accepted			Plantae	Tracheophyta	Magnoliopsida	Lamiales	Plantaginaceae	Plantago
4155948	7ddf754f-d193-4cc9-b351-99906754a03b	3189695.0			Plantago turrifera B.G.Briggs, Carolin & Pulley	B.G.Briggs, Carolin & Pulley	Plantago turrifera	Plantago	turrifera		species		Briggs, B. G., Carolin, & Pulley. (1973). In: Contrib. New S. Wales Nation. Herb. 4(7): 396.	accepted			Plantae	Tracheophyta	Magnoliopsida	Lamiales	Plantaginaceae	Plantago
11118783	7ddf754f-d193-4cc9-b351-99906754a03b	3189695.0			Plantago oelandica Shipunov	Shipunov	Plantago oelandica	Plantago	oelandica		species		Shipunov. (n.d.). In: Nom. Nov. Prov.	accepted			Plantae	Tracheophyta	Magnoliopsida	Lamiales	Plantaginaceae	Plantago
4155826	7ddf754f-d193-4cc9-b351-99906754a03b	3189695.0			Plantago himalaica Pilg.	Pilg.	Plantago himalaica	Plantago	himalaica		species		Pilg. (1937). In: Engl. Pflanzenreich, Plantaginac. 62.	accepted			Plantae	Tracheophyta	Magnoliopsida	Lamiales	Plantaginaceae	Plantago
7768728	046bbc50-cae2-47ff-aa43-729fbf53f7c5	3172047.0			Veronica anagallis Tate, 1885	Tate, 1885	Veronica anagallis	Veronica	anagallis		species		Transactions and Proceedings of the Royal Society of South Australia 7  1885	accepted			Plantae	Tracheophyta	Magnoliopsida	Lamiales	Plantaginaceae	Veronica
3725358	bae5856f-da10-4333-90a0-5a2135361b30	3172047.0			Veronica sutchuensis Franch.	Franch.	Veronica sutchuensis	Veronica	sutchuensis		species		Franchet MA (1900) Les Scrofularinees De La Chine, Dans L'Herbier Du Muséum De Paris. Bulletin de la Société Botanique de France 47: 10-37. doi: 10.1080/00378941.1900.10828871.	accepted			Plantae	Tracheophyta	Magnoliopsida	Lamiales	Plantaginaceae	Veronica
3731711	7ddf754f-d193-4cc9-b351-99906754a03b	3172047.0			Veronica elliptica G.Forst.	G.Forst.	Veronica elliptica	Veronica	elliptica		species		G. Forst. (1786). In: Fl. Ins. Austr.: 3.	accepted			Plantae	Tracheophyta	Magnoliopsida	Lamiales	Plantaginaceae	Veronica
3725105	7ddf754f-d193-4cc9-b351-99906754a03b	3172047.0			Veronica tetrasticha Hook.fil.	Hook.fil.	Veronica tetrasticha	Veronica	tetrasticha		species		Hook. fil. (1864). In: Handb. N. Zeal. Fl. 212.	accepted			Plantae	Tracheophyta	Magnoliopsida	Lamiales	Plantaginaceae	Veronica
3733446	7ddf754f-d193-4cc9-b351-99906754a03b	3172047.0			Veronica bungei Boiss.	Boiss.	Veronica bungei	Veronica	bungei		species		Boiss. (1879). In: Fl. Orient. 4: 463.	accepted			Plantae	Tracheophyta	Magnoliopsida	Lamiales	Plantaginaceae	Veronica
3173331	7ddf754f-d193-4cc9-b351-99906754a03b	3173330.0			Buddleja saligna Willd.	Willd.	Buddleja saligna	Buddleja	saligna		species		Willd. (1809). In: Enum. Hort. Berol. 159.	accepted			Plantae	Tracheophyta	Magnoliopsida	Lamiales	Scrophulariaceae	Buddleja
4055490	7ddf754f-d193-4cc9-b351-99906754a03b	3173330.0			Buddleja nitida Benth.	Benth.	Buddleja nitida	Buddleja	nitida		species		Benth. (1846). In: Prodr. [A. DC.] 10: 437.	accepted			Plantae	Tracheophyta	Magnoliopsida	Lamiales	Scrophulariaceae	Buddleja
7288289	7ddf754f-d193-4cc9-b351-99906754a03b	3173330.0			Buddleja americana L.	L.	Buddleja americana	Buddleja	americana		species		L. (1753). In: Sp. Pl. 112.	accepted			Plantae	Tracheophyta	Magnoliopsida	Lamiales	Scrophulariaceae	Buddleja
4055765	046bbc50-cae2-47ff-aa43-729fbf53f7c5	3173330.0			Buddleja mendozinensis Gillies ex Benth., 1846	Gillies ex Benth., 1846	Buddleja mendozinensis	Buddleja	mendozinensis		species		Prodr. [A. P. de Candolle] 10: 443. 1846 [8 Apr 1846]	accepted			Plantae	Tracheophyta	Magnoliopsida	Lamiales	Scrophulariaceae	Buddleja
7288273	7ddf754f-d193-4cc9-b351-99906754a03b	3173330.0			Buddleja skutchii C.V.Morton	C.V.Morton	Buddleja skutchii	Buddleja	skutchii		species		Phytologia 1: 148 (1935)	accepted			Plantae	Tracheophyta	Magnoliopsida	Lamiales	Scrophulariaceae	Buddleja
7615842	7ddf754f-d193-4cc9-b351-99906754a03b	3233433.0			Eremophila recurva Chinnock	Chinnock	Eremophila recurva	Eremophila	recurva		species		Chinnock. (2007). In: Eremophila 536.	accepted			Plantae	Tracheophyta	Magnoliopsida	Lamiales	Scrophulariaceae	Eremophila
7835661	7ddf754f-d193-4cc9-b351-99906754a03b	3233433.0			Eremophila foliosissima Kraenzl.	Kraenzl.	Eremophila foliosissima	Eremophila	foliosissima		species		Kraenzl. (1925). In: Bull. Misc. Inform. Kew 1925: 281.	accepted			Plantae	Tracheophyta	Magnoliopsida	Lamiales	Scrophulariaceae	Eremophila
7621628	7ddf754f-d193-4cc9-b351-99906754a03b	3233433.0			Eremophila annosocaulis Chinnock	Chinnock	Eremophila annosocaulis	Eremophila	annosocaulis		species		Chinnock. (2007). In: Eremophila 388.	accepted			Plantae	Tracheophyta	Magnoliopsida	Lamiales	Scrophulariaceae	Eremophila
7666696	7ddf754f-d193-4cc9-b351-99906754a03b	3233433.0			Eremophila canaliculata Chinnock	Chinnock	Eremophila canaliculata	Eremophila	canaliculata		species		Chinnock. (2007). In: Eremophila 352.	accepted			Plantae	Tracheophyta	Magnoliopsida	Lamiales	Scrophulariaceae	Eremophila
7604594	7ddf754f-d193-4cc9-b351-99906754a03b	3233433.0			Eremophila decipiens Ostenf.	Ostenf.	Eremophila decipiens	Eremophila	decipiens		species		Biol. Meddel. Kongel. Danske Vidensk. Selsk. 3(2): 120 (1921)	accepted			Plantae	Tracheophyta	Magnoliopsida	Lamiales	Scrophulariaceae	Eremophila
3740778	7ddf754f-d193-4cc9-b351-99906754a03b	7333225.0			Jamesbrittenia myriantha Hilliard	Hilliard	Jamesbrittenia myriantha	Jamesbrittenia	myriantha		species		Hilliard. (1992). In: Edinburgh J. Bot. 49(2): 231.	accepted			Plantae	Tracheophyta	Magnoliopsida	Lamiales	Scrophulariaceae	Jamesbrittenia
3740917	7ddf754f-d193-4cc9-b351-99906754a03b	7333225.0			Jamesbrittenia giessii Hilliard	Hilliard	Jamesbrittenia giessii	Jamesbrittenia	giessii		species		Hilliard. (1992). In: Edinburgh J. Bot. 49(2): 229.	accepted			Plantae	Tracheophyta	Magnoliopsida	Lamiales	Scrophulariaceae	Jamesbrittenia
3741102	7ddf754f-d193-4cc9-b351-99906754a03b	7333225.0			Jamesbrittenia angolensis Hilliard	Hilliard	Jamesbrittenia angolensis	Jamesbrittenia	angolensis		species		Hilliard. (1992). In: Edinburgh J. Bot. 49(2): 226.	accepted			Plantae	Tracheophyta	Magnoliopsida	Lamiales	Scrophulariaceae	Jamesbrittenia
3741052	7ddf754f-d193-4cc9-b351-99906754a03b	7333225.0			Jamesbrittenia barbata Hilliard	Hilliard	Jamesbrittenia barbata	Jamesbrittenia	barbata		species		Hilliard. (1992). In: Edinburgh J. Bot. 49(2): 227.	accepted			Plantae	Tracheophyta	Magnoliopsida	Lamiales	Scrophulariaceae	Jamesbrittenia
3741077	7ddf754f-d193-4cc9-b351-99906754a03b	7333225.0			Jamesbrittenia aspleniifolia Hilliard	Hilliard	Jamesbrittenia aspleniifolia	Jamesbrittenia	aspleniifolia		species		Hilliard. (1992). In: Edinburgh J. Bot. 49(2): 227.	accepted			Plantae	Tracheophyta	Magnoliopsida	Lamiales	Scrophulariaceae	Jamesbrittenia
5560235	7ddf754f-d193-4cc9-b351-99906754a03b	3233352.0			Manulea ovatifolia Hilliard	Hilliard	Manulea ovatifolia	Manulea	ovatifolia		species		Hilliard. (1989). In: Notes Roy. Bot. Gard. Edinburgh 46(1): 51.	accepted			Plantae	Tracheophyta	Magnoliopsida	Lamiales	Scrophulariaceae	Manulea
5560324	7ddf754f-d193-4cc9-b351-99906754a03b	3233352.0			Manulea leptosiphon Thell.	Thell.	Manulea leptosiphon	Manulea	leptosiphon		species		Thell. (1912). In: Vierteljahrsschr. Nat. Ges. Zürich 57: 559.	accepted			Plantae	Tracheophyta	Magnoliopsida	Lamiales	Scrophulariaceae	Manulea
5560173	7ddf754f-d193-4cc9-b351-99906754a03b	3233352.0			Manulea ramulosa Hilliard	Hilliard	Manulea ramulosa	Manulea	ramulosa		species		Hilliard. (1989). In: Notes Roy. Bot. Gard. Edinburgh 46(1): 52.	accepted			Plantae	Tracheophyta	Magnoliopsida	Lamiales	Scrophulariaceae	Manulea
5560536	7ddf754f-d193-4cc9-b351-99906754a03b	3233352.0			Manulea adenodes Hilliard	Hilliard	Manulea adenodes	Manulea	adenodes		species		Hilliard. (1990). In: Notes Roy. Bot. Gard. Edinburgh 46(3): 337.	accepted			Plantae	Tracheophyta	Magnoliopsida	Lamiales	Scrophulariaceae	Manulea
5560311	7ddf754f-d193-4cc9-b351-99906754a03b	3233352.0			Manulea linearifolia Hilliard	Hilliard	Manulea linearifolia	Manulea	linearifolia		species		Hilliard. (1990). In: Notes Roy. Bot. Gard. Edinburgh 46(3): 340.	accepted			Plantae	Tracheophyta	Magnoliopsida	Lamiales	Scrophulariaceae	Manulea
5563129	7ddf754f-d193-4cc9-b351-99906754a03b	3170887.0			Nemesia albiflora N.E.Br.	N.E.Br.	Nemesia albiflora	Nemesia	albiflora		species		N. E. Br. (1895). In: Bull. Misc. Inform. Kew 1895: 28.	accepted			Plantae	Tracheophyta	Magnoliopsida	Lamiales	Scrophulariaceae	Nemesia
5563034	7ddf754f-d193-4cc9-b351-99906754a03b	3170887.0			Nemesia silvatica Hilliard	Hilliard	Nemesia silvatica	Nemesia	silvatica		species		Hilliard. (1986). In: Notes Roy. Bot. Gard. Edinburgh 43(3): 398.	accepted			Plantae	Tracheophyta	Magnoliopsida	Lamiales	Scrophulariaceae	Nemesia
5563110	7ddf754f-d193-4cc9-b351-99906754a03b	3170887.0			Nemesia cheiranthus E.Mey. ex Benth.	E.Mey. ex Benth.	Nemesia cheiranthus	Nemesia	cheiranthus		species		E. Mey. ex Benth. (1836). In: Hook. Comp. Bot. Mag. 2: 19.	accepted			Plantae	Tracheophyta	Magnoliopsida	Lamiales	Scrophulariaceae	Nemesia
8272707	d9a4eedb-e985-4456-ad46-3df8472e00e8	3170887.0			Nemesia coerulea Hiern	Hiern	Nemesia coerulea	Nemesia	coerulea		species			accepted			Plantae	Tracheophyta	Magnoliopsida	Lamiales	Scrophulariaceae	Nemesia
8318624	7ddf754f-d193-4cc9-b351-99906754a03b	3170887.0			Nemesia elata K.E.Steiner	K.E.Steiner	Nemesia elata	Nemesia	elata		species		Steiner, K. E. (2010). In: Bothalia 40(2): 164.	accepted			Plantae	Tracheophyta	Magnoliopsida	Lamiales	Scrophulariaceae	Nemesia
3737025	7ddf754f-d193-4cc9-b351-99906754a03b	3170861.0			Scrophularia mandarinorum Franch.	Franch.	Scrophularia mandarinorum	Scrophularia	mandarinorum		species		Franch. (1900). In: Bull. Soc. Bot. France 47(1): 13.	accepted			Plantae	Tracheophyta	Magnoliopsida	Lamiales	Scrophulariaceae	Scrophularia
7794994	7ddf754f-d193-4cc9-b351-99906754a03b	3170861.0			Scrophularia granitica Klokov & Krasnova	Klokov & Krasnova	Scrophularia granitica	Scrophularia	granitica		species		Klokov, & Krasnova. (1981). In: Novosti Sist. Vyssh. Nizsh. Rast. 81 (80-86; Fig. 1, Map).	accepted			Plantae	Tracheophyta	Magnoliopsida	Lamiales	Scrophulariaceae	Scrophularia
3738572	7ddf754f-d193-4cc9-b351-99906754a03b	3170861.0			Scrophularia catariifolia Boiss. & Heldr.	Boiss. & Heldr.	Scrophularia catariifolia	Scrophularia	catariifolia		species		Boiss. & Heldr. (1853). In: Boiss., Diagn. Pl. Orient. Ser. 1, 12: 36.	accepted			Plantae	Tracheophyta	Magnoliopsida	Lamiales	Scrophulariaceae	Scrophularia
7810918	7ddf754f-d193-4cc9-b351-99906754a03b	3170861.0			Scrophularia vernalis L.	L.	Scrophularia vernalis	Scrophularia	vernalis		species		Sp. Pl.: 620 (1753)	accepted			Plantae	Tracheophyta	Magnoliopsida	Lamiales	Scrophulariaceae	Scrophularia
3738148	7ddf754f-d193-4cc9-b351-99906754a03b	3170861.0			Scrophularia domingensis Urb.	Urb.	Scrophularia domingensis	Scrophularia	domingensis		species		Urb. (1913). In: Symb. Antill. 7: 538.	accepted			Plantae	Tracheophyta	Magnoliopsida	Lamiales	Scrophulariaceae	Scrophularia
5562258	7ddf754f-d193-4cc9-b351-99906754a03b	3233413.0			Selago levynsiae Hilliard	Hilliard	Selago levynsiae	Selago	levynsiae		species		Hilliard. (1998). In: Edinburgh J. Bot. 55(2): 224.	accepted			Plantae	Tracheophyta	Magnoliopsida	Lamiales	Scrophulariaceae	Selago
5561832	7ddf754f-d193-4cc9-b351-99906754a03b	3233413.0			Selago tarachodes Hilliard	Hilliard	Selago tarachodes	Selago	tarachodes		species		Hilliard. (1995). In: Edinburgh J. Bot. 52(3): 361.	accepted			Plantae	Tracheophyta	Magnoliopsida	Lamiales	Scrophulariaceae	Selago
5562515	7ddf754f-d193-4cc9-b351-99906754a03b	3233413.0			Selago coerulea Rolfe	Rolfe	Selago coerulea	Selago	coerulea		species		Rolfe. (1901). In: Oliv. Et Al. (eds.), Fl. Trop. Africa 5: 267 (Caerulea auct.).	accepted			Plantae	Tracheophyta	Magnoliopsida	Lamiales	Scrophulariaceae	Selago
3734776	7ddf754f-d193-4cc9-b351-99906754a03b	3233413.0			Selago corymbosa L.	L.	Selago corymbosa	Selago	corymbosa		species		L. (1753). In: Sp. Pl. 629.	accepted			Plantae	Tracheophyta	Magnoliopsida	Lamiales	Scrophulariaceae	Selago
7494706	7ddf754f-d193-4cc9-b351-99906754a03b	3233413.0			Selago geniculata L.fil.	L.fil.	Selago geniculata	Selago	geniculata		species		L. fil. (1782). In: Suppl. 284.	accepted			Plantae	Tracheophyta	Magnoliopsida	Lamiales	Scrophulariaceae	Selago
3740705	7ddf754f-d193-4cc9-b351-99906754a03b	2928970.0			Verbascum ×cernyi Rohlena	Rohlena	Verbascum cernyi	Verbascum	cernyi		species		Rohlena. (n.d.). In: Mem. Soc. Sci. Boheme, No. 6, 6 (1920 Publ. 1922).	accepted			Plantae	Tracheophyta	Magnoliopsida	Lamiales	Scrophulariaceae	Verbascum
3734956	7ddf754f-d193-4cc9-b351-99906754a03b	2928970.0			Verbascum ×vuyckii Kloos	Kloos	Verbascum vuyckii	Verbascum	vuyckii		species		Kloos. (1920). In: Ned. Kruidk. Arch. 1919: 336.	accepted			Plantae	Tracheophyta	Magnoliopsida	Lamiales	Scrophulariaceae	Verbascum
3742010	7ddf754f-d193-4cc9-b351-99906754a03b	2928970.0			Verbascum aliciae Post	Post	Verbascum aliciae	Verbascum	aliciae		species		Post. (1892). In: Pl. Postianae 3: 14.	accepted			Plantae	Tracheophyta	Magnoliopsida	Lamiales	Scrophulariaceae	Verbascum
7816967	7ddf754f-d193-4cc9-b351-99906754a03b	2928970.0			Verbascum turcicum Bani, Adigüzel & Karavel.	Bani, Adigüzel & Karavel.	Verbascum turcicum	Verbascum	turcicum		species		Bani, Adigüzel & Karavel. (2010). In: Ann. Bot. Fenn. 47(6): 490.	accepted			Plantae	Tracheophyta	Magnoliopsida	Lamiales	Scrophulariaceae	Verbascum
3737856	7ddf754f-d193-4cc9-b351-99906754a03b	2928970.0			Verbascum medinecum Hemaid	Hemaid	Verbascum medinecum	Verbascum	medinecum		species		Hemaid. (2001). In: Pakistan J. Bot. 33(4): 321.	accepted			Plantae	Tracheophyta	Magnoliopsida	Lamiales	Scrophulariaceae	Verbascum
5667364	7ddf754f-d193-4cc9-b351-99906754a03b	2925634.0			Aloysia unifacialis Ravenna	Ravenna	Aloysia unifacialis	Aloysia	unifacialis		species		Onira 10: 61 (2006)	accepted			Plantae	Tracheophyta	Magnoliopsida	Lamiales	Verbenaceae	Aloysia
5667457	7ddf754f-d193-4cc9-b351-99906754a03b	2925634.0			Aloysia herrerae Moldenke	Moldenke	Aloysia herrerae	Aloysia	herrerae		species		Phytologia 2: 10 (1941)	accepted			Plantae	Tracheophyta	Magnoliopsida	Lamiales	Verbenaceae	Aloysia
5667377	7ddf754f-d193-4cc9-b351-99906754a03b	2925634.0			Aloysia sonorensis Moldenke	Moldenke	Aloysia sonorensis	Aloysia	sonorensis		species		Phytologia 12: 428 (1965)	accepted			Plantae	Tracheophyta	Magnoliopsida	Lamiales	Verbenaceae	Aloysia
7520846	7ddf754f-d193-4cc9-b351-99906754a03b	2925634.0			Aloysia cordata Siedo	Siedo	Aloysia cordata	Aloysia	cordata		species		Lundellia 15: 42 (2012)	accepted			Plantae	Tracheophyta	Magnoliopsida	Lamiales	Verbenaceae	Aloysia
5667511	7ddf754f-d193-4cc9-b351-99906754a03b	2925634.0			Aloysia chamaedryfolia Cham.	Cham.	Aloysia chamaedryfolia	Aloysia	chamaedryfolia		species		Linnaea 7: 234 (1832)	accepted			Plantae	Tracheophyta	Magnoliopsida	Lamiales	Verbenaceae	Aloysia
7297465	7ddf754f-d193-4cc9-b351-99906754a03b	7297399.0			Chascanum angolense Moldenke	Moldenke	Chascanum angolense	Chascanum	angolense		species		Repert. Spec. Nov. Regni Veg. 45: 142 (1938)	accepted			Plantae	Tracheophyta	Magnoliopsida	Lamiales	Verbenaceae	Chascanum
4085718	046bbc50-cae2-47ff-aa43-729fbf53f7c5	7297399.0			Chascanum hyderobadense (Waip.) Moldenke	(Waip.) Moldenke	Chascanum hyderobadense	Chascanum	hyderobadense		species		Torreya 1934, xxxiv. 9.	accepted			Plantae	Tracheophyta	Magnoliopsida	Lamiales	Verbenaceae	Chascanum
4085511	7ddf754f-d193-4cc9-b351-99906754a03b	7297399.0			Chascanum yemenense Sebsebe	Sebsebe	Chascanum yemenense	Chascanum	yemenense		species		Kew Bull. 45: 137 (1990)	accepted			Plantae	Tracheophyta	Magnoliopsida	Lamiales	Verbenaceae	Chascanum
4085565	7ddf754f-d193-4cc9-b351-99906754a03b	7297399.0			Chascanum pumilum E.Mey.	E.Mey.	Chascanum pumilum	Chascanum	pumilum		species		Comm. Pl. Afr. Austr.: 277 (1838)	accepted			Plantae	Tracheophyta	Magnoliopsida	Lamiales	Verbenaceae	Chascanum
4085806	7ddf754f-d193-4cc9-b351-99906754a03b	7297399.0			Chascanum elburense Thulin	Thulin	Chascanum elburense	Chascanum	elburense		species		Nordic J. Bot. 23: 516 (2005)	accepted			Plantae	Tracheophyta	Magnoliopsida	Lamiales	Verbenaceae	Chascanum
4086916	046bbc50-cae2-47ff-aa43-729fbf53f7c5	7853269.0			Citharexylum mollicellum Standl. ex Moldenke, 1935	Standl. ex Moldenke, 1935	Citharexylum mollicellum	Citharexylum	mollicellum		species		Repert. Spec. Nov. Regni Veg. 39: 51, in syn. 1935	accepted			Plantae	Tracheophyta	Magnoliopsida	Lamiales	Verbenaceae	Citharexylum
2925393	7ddf754f-d193-4cc9-b351-99906754a03b	7853269.0			Citharexylum caudatum L.	L.	Citharexylum caudatum	Citharexylum	caudatum		species		Sp. Pl. ed. 2.: 872 (1763)	accepted			Plantae	Tracheophyta	Magnoliopsida	Lamiales	Verbenaceae	Citharexylum
4084571	7ddf754f-d193-4cc9-b351-99906754a03b	7853269.0			Citharexylum fulgidum Moldenke	Moldenke	Citharexylum fulgidum	Citharexylum	fulgidum		species		Repert. Spec. Nov. Regni Veg. 37: 223 (1934)	accepted			Plantae	Tracheophyta	Magnoliopsida	Lamiales	Verbenaceae	Citharexylum
4083790	7ddf754f-d193-4cc9-b351-99906754a03b	7853269.0			Citharexylum matheanum Borhidi & Kereszty	Borhidi & Kereszty	Citharexylum matheanum	Citharexylum	matheanum		species		Acta Bot. Acad. Sci. Hung. 27: 317 (1981 publ. 1982)	accepted			Plantae	Tracheophyta	Magnoliopsida	Lamiales	Verbenaceae	Citharexylum
4084996	7ddf754f-d193-4cc9-b351-99906754a03b	7853269.0			Citharexylum costaricense Moldenke	Moldenke	Citharexylum costaricense	Citharexylum	costaricense		species		Repert. Spec. Nov. Regni Veg. 37: 219 (1934)	accepted			Plantae	Tracheophyta	Magnoliopsida	Lamiales	Verbenaceae	Citharexylum
4086762	7ddf754f-d193-4cc9-b351-99906754a03b	7296943.0			Junellia tripartita Moldenke	Moldenke	Junellia tripartita	Junellia	tripartita		species		Phytologia 3: 36 (1948)	accepted			Plantae	Tracheophyta	Magnoliopsida	Lamiales	Verbenaceae	Junellia
4084658	7ddf754f-d193-4cc9-b351-99906754a03b	7296943.0		7617773.0	Junellia aretioides (R.E.Fr.) Moldenke	(R.E.Fr.) Moldenke	Junellia aretioides	Junellia	aretioides		species		Lilloa 5: 393 (1940)	accepted			Plantae	Tracheophyta	Magnoliopsida	Lamiales	Verbenaceae	Junellia
7297170	7ddf754f-d193-4cc9-b351-99906754a03b	7296943.0		4086619.0	Junellia bisulcata (Hayek) Moldenke	(Hayek) Moldenke	Junellia bisulcata	Junellia	bisulcata		species		Known Geogr. Distr. Verbenac. Avicenn.: 77 (1942)	accepted			Plantae	Tracheophyta	Magnoliopsida	Lamiales	Verbenaceae	Junellia
4083705	7ddf754f-d193-4cc9-b351-99906754a03b	7296943.0		4085349.0	Junellia silvestrii (Speg.) Moldenke	(Speg.) Moldenke	Junellia silvestrii	Junellia	silvestrii		species		Lilloa 5: 401 (1940)	accepted			Plantae	Tracheophyta	Magnoliopsida	Lamiales	Verbenaceae	Junellia
4938846	7ddf754f-d193-4cc9-b351-99906754a03b	7296943.0		5667529.0	Junellia hookeriana (Covas & Schnack) N.O'Leary & P.Peralta	(Covas & Schnack) N.O'Leary & P.Peralta	Junellia hookeriana	Junellia	hookeriana		species		Syst. Bot. 34: 783 (2009)	accepted			Plantae	Tracheophyta	Magnoliopsida	Lamiales	Verbenaceae	Junellia
4085102	046bbc50-cae2-47ff-aa43-729fbf53f7c5	2925302.0			Lantana postrata Larrañaga, 1923	Larrañaga, 1923	Lantana postrata	Lantana	postrata		species		Escritos Damaso Antonio Larranaga 2: 188. 1923 Pub. Inst. Hist. Geog. Uruguay	accepted			Plantae	Tracheophyta	Magnoliopsida	Lamiales	Verbenaceae	Lantana
2925322	7ddf754f-d193-4cc9-b351-99906754a03b	2925302.0			Lantana depressa Small	Small	Lantana depressa	Lantana	depressa		species		Bull. New York Bot. Gard. 3: 436 (1905)	accepted			Plantae	Tracheophyta	Magnoliopsida	Lamiales	Verbenaceae	Lantana
4084442	7ddf754f-d193-4cc9-b351-99906754a03b	2925302.0			Lantana ehrenbergiana Moldenke	Moldenke	Lantana ehrenbergiana	Lantana	ehrenbergiana		species		Phytologia 2: 312 (1947)	accepted			Plantae	Tracheophyta	Magnoliopsida	Lamiales	Verbenaceae	Lantana
4085863	046bbc50-cae2-47ff-aa43-729fbf53f7c5	2925302.0			Lantana bazeiana H.Pearson, 1901	H.Pearson, 1901	Lantana bazeiana	Lantana	bazeiana		species		Fl. Cap. (Harvey) 5(1.1): 197. 1901 [Jun 1901]	accepted			Plantae	Tracheophyta	Magnoliopsida	Lamiales	Verbenaceae	Lantana
4086687	046bbc50-cae2-47ff-aa43-729fbf53f7c5	2925302.0			Lantana wightiana Wall., 1831	Wall., 1831	Lantana wightiana	Lantana	wightiana		species		Numer. List [Wallich] n. 2655. 1831	accepted			Plantae	Tracheophyta	Magnoliopsida	Lamiales	Verbenaceae	Lantana
4084887	7ddf754f-d193-4cc9-b351-99906754a03b	2925383.0			Lippia primulina S.Moore	S.Moore	Lippia primulina	Lippia	primulina		species		Trans. Linn. Soc. London, Bot. 4: 436 (1895)	accepted			Plantae	Tracheophyta	Magnoliopsida	Lamiales	Verbenaceae	Lippia
7297680	7ddf754f-d193-4cc9-b351-99906754a03b	2925383.0			Lippia turbinata Griseb.	Griseb.	Lippia turbinata	Lippia	turbinata		species		Abh. Königl. Ges. Wiss. Göttingen 19: 243 (1874)	accepted			Plantae	Tracheophyta	Magnoliopsida	Lamiales	Verbenaceae	Lippia
4084203	7ddf754f-d193-4cc9-b351-99906754a03b	2925383.0			Lippia scaberrima Sond.	Sond.	Lippia scaberrima	Lippia	scaberrima		species		Linnaea 23: 87 (1850)	accepted			Plantae	Tracheophyta	Magnoliopsida	Lamiales	Verbenaceae	Lippia
7297215	7ddf754f-d193-4cc9-b351-99906754a03b	2925383.0			Lippia eupatorium Schauer	Schauer	Lippia eupatorium	Lippia	eupatorium		species		A.P.de Candolle, Prodr. 11: 592 (1847)	accepted			Plantae	Tracheophyta	Magnoliopsida	Lamiales	Verbenaceae	Lippia
4086578	7ddf754f-d193-4cc9-b351-99906754a03b	2925383.0			Lippia acuminata C.Wright ex Griseb.	C.Wright ex Griseb.	Lippia acuminata	Lippia	acuminata		species		Cat. Pl. Cub.: 215 (1866)	accepted			Plantae	Tracheophyta	Magnoliopsida	Lamiales	Verbenaceae	Lippia
4086736	7ddf754f-d193-4cc9-b351-99906754a03b	2925448.0			Stachytarpheta lythrophylla Schauer	Schauer	Stachytarpheta lythrophylla	Stachytarpheta	lythrophylla		species		A.P.de Candolle, Prodr. 11: 563 (1847)	accepted			Plantae	Tracheophyta	Magnoliopsida	Lamiales	Verbenaceae	Stachytarpheta
4086068	7ddf754f-d193-4cc9-b351-99906754a03b	2925448.0			Stachytarpheta rupestris S.Atkins	S.Atkins	Stachytarpheta rupestris	Stachytarpheta	rupestris		species		Kew Bull. 60: 208 (2005)	accepted			Plantae	Tracheophyta	Magnoliopsida	Lamiales	Verbenaceae	Stachytarpheta
2925451	7ddf754f-d193-4cc9-b351-99906754a03b	2925448.0			Stachytarpheta strigosa Vahl	Vahl	Stachytarpheta strigosa	Stachytarpheta	strigosa		species		Enum. Pl. Obs. 1: 207 (1804)	accepted			Plantae	Tracheophyta	Magnoliopsida	Lamiales	Verbenaceae	Stachytarpheta
4084472	7ddf754f-d193-4cc9-b351-99906754a03b	2925448.0			Stachytarpheta discolor Cham.	Cham.	Stachytarpheta discolor	Stachytarpheta	discolor		species		Linnaea 7: 251 (1832)	accepted			Plantae	Tracheophyta	Magnoliopsida	Lamiales	Verbenaceae	Stachytarpheta
4085810	7ddf754f-d193-4cc9-b351-99906754a03b	2925448.0			Stachytarpheta stannardii S.Atkins	S.Atkins	Stachytarpheta stannardii	Stachytarpheta	stannardii		species		Kew Bull. 60: 197 (2005)	accepted			Plantae	Tracheophyta	Magnoliopsida	Lamiales	Verbenaceae	Stachytarpheta
4083825	7ddf754f-d193-4cc9-b351-99906754a03b	2925470.0			Verbena araucana Phil.	Phil.	Verbena araucana	Verbena	araucana		species		Anales Univ. Chile 1873: 520 (1873)	accepted			Plantae	Tracheophyta	Magnoliopsida	Lamiales	Verbenaceae	Verbena
2925519	7ddf754f-d193-4cc9-b351-99906754a03b	2925470.0			Verbena lasiostachys Link	Link	Verbena lasiostachys	Verbena	lasiostachys		species		Enum. Hort. Berol. Alt. 2: 122 (1822)	accepted			Plantae	Tracheophyta	Magnoliopsida	Lamiales	Verbenaceae	Verbena
4084385	7ddf754f-d193-4cc9-b351-99906754a03b	2925470.0			Verbena townsendii Svenson	Svenson	Verbena townsendii	Verbena	townsendii		species		Amer. J. Bot. 22: 253 (1935)	accepted			Plantae	Tracheophyta	Magnoliopsida	Lamiales	Verbenaceae	Verbena
4084007	7ddf754f-d193-4cc9-b351-99906754a03b	2925470.0			Verbena valerianoides Kunth	Kunth	Verbena valerianoides	Verbena	valerianoides		species		F.W.H.von Humboldt, A.J.A.Bonpland & C.S.Kunth, Nov. Gen. Sp. 2: 277 (1818)	accepted			Plantae	Tracheophyta	Magnoliopsida	Lamiales	Verbenaceae	Verbena
7297308	7ddf754f-d193-4cc9-b351-99906754a03b	2925470.0			Verbena stellarioides Cham.	Cham.	Verbena stellarioides	Verbena	stellarioides		species		Linnaea 7: 264 (1832)	accepted			Plantae	Tracheophyta	Magnoliopsida	Lamiales	Verbenaceae	Verbena
